[
    {
        "pk": 4, 
        "model": "games.objectparameter", 
        "fields": {
            "of_object": 2, 
            "type_parameter": 10
        }
    }, 
    {
        "pk": 5, 
        "model": "games.objectparameter", 
        "fields": {
            "of_object": 2, 
            "type_parameter": 11
        }
    }, 
    {
        "pk": 6, 
        "model": "games.objectparameter", 
        "fields": {
            "of_object": 4, 
            "type_parameter": 7
        }
    }, 
    {
        "pk": 9, 
        "model": "games.objectparameter", 
        "fields": {
            "of_object": 6, 
            "type_parameter": 19
        }
    }, 
    {
        "pk": 10, 
        "model": "games.objectparameter", 
        "fields": {
            "of_object": 6, 
            "type_parameter": 20
        }
    }, 
    {
        "pk": 11, 
        "model": "games.objectparameter", 
        "fields": {
            "of_object": 7, 
            "type_parameter": 22
        }
    }, 
    {
        "pk": 12, 
        "model": "games.objectparameter", 
        "fields": {
            "of_object": 7, 
            "type_parameter": 14
        }
    }, 
    {
        "pk": 13, 
        "model": "games.objectparameter", 
        "fields": {
            "of_object": 7, 
            "type_parameter": 15
        }
    }, 
    {
        "pk": 17, 
        "model": "games.objectparameter", 
        "fields": {
            "of_object": 11, 
            "type_parameter": 5
        }
    }, 
    {
        "pk": 18, 
        "model": "games.objectparameter", 
        "fields": {
            "of_object": 11, 
            "type_parameter": 6
        }
    }, 
    {
        "pk": 19, 
        "model": "games.objectparameter", 
        "fields": {
            "of_object": 12, 
            "type_parameter": 3
        }
    }, 
    {
        "pk": 20, 
        "model": "games.objectparameter", 
        "fields": {
            "of_object": 12, 
            "type_parameter": 4
        }
    }, 
    {
        "pk": 23, 
        "model": "games.objectparameter", 
        "fields": {
            "of_object": 14, 
            "type_parameter": 21
        }
    }, 
    {
        "pk": 24, 
        "model": "games.objectparameter", 
        "fields": {
            "of_object": 15, 
            "type_parameter": 12
        }
    }, 
    {
        "pk": 25, 
        "model": "games.objectparameter", 
        "fields": {
            "of_object": 17, 
            "type_parameter": 26
        }
    }, 
    {
        "pk": 26, 
        "model": "games.objectparameter", 
        "fields": {
            "of_object": 17, 
            "type_parameter": 24
        }
    }, 
    {
        "pk": 27, 
        "model": "games.objectparameter", 
        "fields": {
            "of_object": 17, 
            "type_parameter": 25
        }
    }, 
    {
        "pk": 28, 
        "model": "games.objectparameter", 
        "fields": {
            "of_object": 19, 
            "type_parameter": 1
        }
    }, 
    {
        "pk": 29, 
        "model": "games.objectparameter", 
        "fields": {
            "of_object": 19, 
            "type_parameter": 2
        }
    }, 
    {
        "pk": 30, 
        "model": "games.objectparameter", 
        "fields": {
            "of_object": 20, 
            "type_parameter": 28
        }
    }, 
    {
        "pk": 31, 
        "model": "games.objectparameter", 
        "fields": {
            "of_object": 20, 
            "type_parameter": 27
        }
    }, 
    {
        "pk": 32, 
        "model": "games.objectparameter", 
        "fields": {
            "of_object": 22, 
            "type_parameter": 12
        }
    }, 
    {
        "pk": 33, 
        "model": "games.objectparameter", 
        "fields": {
            "of_object": 23, 
            "type_parameter": 1
        }
    }, 
    {
        "pk": 34, 
        "model": "games.objectparameter", 
        "fields": {
            "of_object": 23, 
            "type_parameter": 2
        }
    }, 
    {
        "pk": 35, 
        "model": "games.objectparameter", 
        "fields": {
            "of_object": 24, 
            "type_parameter": 8
        }
    }, 
    {
        "pk": 53, 
        "model": "games.objectparameter", 
        "fields": {
            "of_object": 37, 
            "type_parameter": 3
        }
    }, 
    {
        "pk": 54, 
        "model": "games.objectparameter", 
        "fields": {
            "of_object": 37, 
            "type_parameter": 4
        }
    }, 
    {
        "pk": 55, 
        "model": "games.objectparameter", 
        "fields": {
            "of_object": 39, 
            "type_parameter": 30
        }
    }, 
    {
        "pk": 56, 
        "model": "games.objectparameter", 
        "fields": {
            "of_object": 39, 
            "type_parameter": 29
        }
    }, 
    {
        "pk": 57, 
        "model": "games.objectparameter", 
        "fields": {
            "of_object": 41, 
            "type_parameter": 3
        }
    }, 
    {
        "pk": 58, 
        "model": "games.objectparameter", 
        "fields": {
            "of_object": 41, 
            "type_parameter": 4
        }
    }, 
    {
        "pk": 61, 
        "model": "games.objectparameter", 
        "fields": {
            "of_object": 43, 
            "type_parameter": 31
        }
    }, 
    {
        "pk": 65, 
        "model": "games.objectparameter", 
        "fields": {
            "of_object": 46, 
            "type_parameter": 35
        }
    }, 
    {
        "pk": 66, 
        "model": "games.objectparameter", 
        "fields": {
            "of_object": 46, 
            "type_parameter": 37
        }
    }, 
    {
        "pk": 67, 
        "model": "games.objectparameter", 
        "fields": {
            "of_object": 46, 
            "type_parameter": 36
        }
    }, 
    {
        "pk": 68, 
        "model": "games.objectparameter", 
        "fields": {
            "of_object": 47, 
            "type_parameter": 30
        }
    }, 
    {
        "pk": 69, 
        "model": "games.objectparameter", 
        "fields": {
            "of_object": 47, 
            "type_parameter": 29
        }
    }, 
    {
        "pk": 73, 
        "model": "games.objectparameter", 
        "fields": {
            "of_object": 50, 
            "type_parameter": 30
        }
    }, 
    {
        "pk": 74, 
        "model": "games.objectparameter", 
        "fields": {
            "of_object": 50, 
            "type_parameter": 29
        }
    }, 
    {
        "pk": 75, 
        "model": "games.objectparameter", 
        "fields": {
            "of_object": 51, 
            "type_parameter": 35
        }
    }, 
    {
        "pk": 76, 
        "model": "games.objectparameter", 
        "fields": {
            "of_object": 51, 
            "type_parameter": 37
        }
    }, 
    {
        "pk": 77, 
        "model": "games.objectparameter", 
        "fields": {
            "of_object": 51, 
            "type_parameter": 36
        }
    }, 
    {
        "pk": 78, 
        "model": "games.objectparameter", 
        "fields": {
            "of_object": 52, 
            "type_parameter": 38
        }
    }, 
    {
        "pk": 79, 
        "model": "games.objectparameter", 
        "fields": {
            "of_object": 52, 
            "type_parameter": 39
        }
    }, 
    {
        "pk": 80, 
        "model": "games.objectparameter", 
        "fields": {
            "of_object": 53, 
            "type_parameter": 41
        }
    }, 
    {
        "pk": 81, 
        "model": "games.objectparameter", 
        "fields": {
            "of_object": 53, 
            "type_parameter": 40
        }
    }, 
    {
        "pk": 16, 
        "model": "games.objectparameterbinding", 
        "fields": {
            "instance": 2, 
            "object_argument": 7, 
            "type_argument": null, 
            "parameter": 4, 
            "built_in_argument": ""
        }
    }, 
    {
        "pk": 5, 
        "model": "games.objectparameterbinding", 
        "fields": {
            "instance": 2, 
            "object_argument": 3, 
            "type_argument": null, 
            "parameter": 5, 
            "built_in_argument": ""
        }
    }, 
    {
        "pk": 33, 
        "model": "games.objectparameterbinding", 
        "fields": {
            "instance": 4, 
            "object_argument": 19, 
            "type_argument": null, 
            "parameter": 6, 
            "built_in_argument": ""
        }
    }, 
    {
        "pk": 15, 
        "model": "games.objectparameterbinding", 
        "fields": {
            "instance": 6, 
            "object_argument": 7, 
            "type_argument": null, 
            "parameter": 9, 
            "built_in_argument": ""
        }
    }, 
    {
        "pk": 17, 
        "model": "games.objectparameterbinding", 
        "fields": {
            "instance": 6, 
            "object_argument": 8, 
            "type_argument": null, 
            "parameter": 10, 
            "built_in_argument": ""
        }
    }, 
    {
        "pk": 14, 
        "model": "games.objectparameterbinding", 
        "fields": {
            "instance": 7, 
            "object_argument": null, 
            "type_argument": 3, 
            "parameter": 11, 
            "built_in_argument": ""
        }
    }, 
    {
        "pk": 12, 
        "model": "games.objectparameterbinding", 
        "fields": {
            "instance": 7, 
            "object_argument": null, 
            "type_argument": null, 
            "parameter": 12, 
            "built_in_argument": "4"
        }
    }, 
    {
        "pk": 13, 
        "model": "games.objectparameterbinding", 
        "fields": {
            "instance": 7, 
            "object_argument": null, 
            "type_argument": null, 
            "parameter": 13, 
            "built_in_argument": "4"
        }
    }, 
    {
        "pk": 89, 
        "model": "games.objectparameterbinding", 
        "fields": {
            "instance": 11, 
            "object_argument": 51, 
            "type_argument": null, 
            "parameter": 17, 
            "built_in_argument": ""
        }
    }, 
    {
        "pk": 40, 
        "model": "games.objectparameterbinding", 
        "fields": {
            "instance": 11, 
            "object_argument": 8, 
            "type_argument": null, 
            "parameter": 18, 
            "built_in_argument": ""
        }
    }, 
    {
        "pk": 88, 
        "model": "games.objectparameterbinding", 
        "fields": {
            "instance": 12, 
            "object_argument": 51, 
            "type_argument": null, 
            "parameter": 19, 
            "built_in_argument": ""
        }
    }, 
    {
        "pk": 23, 
        "model": "games.objectparameterbinding", 
        "fields": {
            "instance": 12, 
            "object_argument": null, 
            "type_argument": null, 
            "parameter": 20, 
            "built_in_argument": "Add word"
        }
    }, 
    {
        "pk": 27, 
        "model": "games.objectparameterbinding", 
        "fields": {
            "instance": 14, 
            "object_argument": 8, 
            "type_argument": null, 
            "parameter": 23, 
            "built_in_argument": ""
        }
    }, 
    {
        "pk": 29, 
        "model": "games.objectparameterbinding", 
        "fields": {
            "instance": 15, 
            "object_argument": null, 
            "type_argument": null, 
            "parameter": 24, 
            "built_in_argument": "Score"
        }
    }, 
    {
        "pk": 30, 
        "model": "games.objectparameterbinding", 
        "fields": {
            "instance": 17, 
            "object_argument": 10, 
            "type_argument": null, 
            "parameter": 25, 
            "built_in_argument": ""
        }
    }, 
    {
        "pk": 31, 
        "model": "games.objectparameterbinding", 
        "fields": {
            "instance": 17, 
            "object_argument": 16, 
            "type_argument": null, 
            "parameter": 26, 
            "built_in_argument": ""
        }
    }, 
    {
        "pk": 32, 
        "model": "games.objectparameterbinding", 
        "fields": {
            "instance": 17, 
            "object_argument": 18, 
            "type_argument": null, 
            "parameter": 27, 
            "built_in_argument": ""
        }
    }, 
    {
        "pk": 34, 
        "model": "games.objectparameterbinding", 
        "fields": {
            "instance": 19, 
            "object_argument": 2, 
            "type_argument": null, 
            "parameter": 28, 
            "built_in_argument": ""
        }
    }, 
    {
        "pk": 41, 
        "model": "games.objectparameterbinding", 
        "fields": {
            "instance": 19, 
            "object_argument": 23, 
            "type_argument": null, 
            "parameter": 29, 
            "built_in_argument": ""
        }
    }, 
    {
        "pk": 39, 
        "model": "games.objectparameterbinding", 
        "fields": {
            "instance": 20, 
            "object_argument": null, 
            "type_argument": null, 
            "parameter": 30, 
            "built_in_argument": "180"
        }
    }, 
    {
        "pk": 37, 
        "model": "games.objectparameterbinding", 
        "fields": {
            "instance": 20, 
            "object_argument": 21, 
            "type_argument": null, 
            "parameter": 31, 
            "built_in_argument": ""
        }
    }, 
    {
        "pk": 38, 
        "model": "games.objectparameterbinding", 
        "fields": {
            "instance": 22, 
            "object_argument": null, 
            "type_argument": null, 
            "parameter": 32, 
            "built_in_argument": "Time left"
        }
    }, 
    {
        "pk": 42, 
        "model": "games.objectparameterbinding", 
        "fields": {
            "instance": 23, 
            "object_argument": 24, 
            "type_argument": null, 
            "parameter": 33, 
            "built_in_argument": ""
        }
    }, 
    {
        "pk": 43, 
        "model": "games.objectparameterbinding", 
        "fields": {
            "instance": 23, 
            "object_argument": 20, 
            "type_argument": null, 
            "parameter": 34, 
            "built_in_argument": ""
        }
    }, 
    {
        "pk": 44, 
        "model": "games.objectparameterbinding", 
        "fields": {
            "instance": 24, 
            "object_argument": 8, 
            "type_argument": null, 
            "parameter": 35, 
            "built_in_argument": ""
        }
    }, 
    {
        "pk": 63, 
        "model": "games.objectparameterbinding", 
        "fields": {
            "instance": 37, 
            "object_argument": 2, 
            "type_argument": null, 
            "parameter": 53, 
            "built_in_argument": ""
        }
    }, 
    {
        "pk": 62, 
        "model": "games.objectparameterbinding", 
        "fields": {
            "instance": 37, 
            "object_argument": null, 
            "type_argument": null, 
            "parameter": 54, 
            "built_in_argument": "Shuffle"
        }
    }, 
    {
        "pk": 85, 
        "model": "games.objectparameterbinding", 
        "fields": {
            "instance": 39, 
            "object_argument": 40, 
            "type_argument": null, 
            "parameter": 55, 
            "built_in_argument": ""
        }
    }, 
    {
        "pk": 64, 
        "model": "games.objectparameterbinding", 
        "fields": {
            "instance": 39, 
            "object_argument": 38, 
            "type_argument": null, 
            "parameter": 56, 
            "built_in_argument": ""
        }
    }, 
    {
        "pk": 77, 
        "model": "games.objectparameterbinding", 
        "fields": {
            "instance": 41, 
            "object_argument": 46, 
            "type_argument": null, 
            "parameter": 57, 
            "built_in_argument": ""
        }
    }, 
    {
        "pk": 66, 
        "model": "games.objectparameterbinding", 
        "fields": {
            "instance": 41, 
            "object_argument": null, 
            "type_argument": null, 
            "parameter": 58, 
            "built_in_argument": "->"
        }
    }, 
    {
        "pk": 70, 
        "model": "games.objectparameterbinding", 
        "fields": {
            "instance": 43, 
            "object_argument": 38, 
            "type_argument": null, 
            "parameter": 61, 
            "built_in_argument": ""
        }
    }, 
    {
        "pk": 78, 
        "model": "games.objectparameterbinding", 
        "fields": {
            "instance": 46, 
            "object_argument": 43, 
            "type_argument": null, 
            "parameter": 65, 
            "built_in_argument": ""
        }
    }, 
    {
        "pk": 87, 
        "model": "games.objectparameterbinding", 
        "fields": {
            "instance": 46, 
            "object_argument": 39, 
            "type_argument": null, 
            "parameter": 66, 
            "built_in_argument": ""
        }
    }, 
    {
        "pk": 86, 
        "model": "games.objectparameterbinding", 
        "fields": {
            "instance": 46, 
            "object_argument": 47, 
            "type_argument": null, 
            "parameter": 67, 
            "built_in_argument": ""
        }
    }, 
    {
        "pk": 82, 
        "model": "games.objectparameterbinding", 
        "fields": {
            "instance": 47, 
            "object_argument": 48, 
            "type_argument": null, 
            "parameter": 68, 
            "built_in_argument": ""
        }
    }, 
    {
        "pk": 81, 
        "model": "games.objectparameterbinding", 
        "fields": {
            "instance": 47, 
            "object_argument": 38, 
            "type_argument": null, 
            "parameter": 69, 
            "built_in_argument": ""
        }
    }, 
    {
        "pk": 94, 
        "model": "games.objectparameterbinding", 
        "fields": {
            "instance": 50, 
            "object_argument": 10, 
            "type_argument": null, 
            "parameter": 73, 
            "built_in_argument": ""
        }
    }, 
    {
        "pk": 93, 
        "model": "games.objectparameterbinding", 
        "fields": {
            "instance": 50, 
            "object_argument": 8, 
            "type_argument": null, 
            "parameter": 74, 
            "built_in_argument": ""
        }
    }, 
    {
        "pk": 95, 
        "model": "games.objectparameterbinding", 
        "fields": {
            "instance": 51, 
            "object_argument": 52, 
            "type_argument": null, 
            "parameter": 75, 
            "built_in_argument": ""
        }
    }, 
    {
        "pk": 91, 
        "model": "games.objectparameterbinding", 
        "fields": {
            "instance": 51, 
            "object_argument": 14, 
            "type_argument": null, 
            "parameter": 76, 
            "built_in_argument": ""
        }
    }, 
    {
        "pk": 92, 
        "model": "games.objectparameterbinding", 
        "fields": {
            "instance": 51, 
            "object_argument": 50, 
            "type_argument": null, 
            "parameter": 77, 
            "built_in_argument": ""
        }
    }, 
    {
        "pk": 96, 
        "model": "games.objectparameterbinding", 
        "fields": {
            "instance": 52, 
            "object_argument": 6, 
            "type_argument": null, 
            "parameter": 78, 
            "built_in_argument": ""
        }
    }, 
    {
        "pk": 97, 
        "model": "games.objectparameterbinding", 
        "fields": {
            "instance": 52, 
            "object_argument": 53, 
            "type_argument": null, 
            "parameter": 79, 
            "built_in_argument": ""
        }
    }, 
    {
        "pk": 99, 
        "model": "games.objectparameterbinding", 
        "fields": {
            "instance": 53, 
            "object_argument": 54, 
            "type_argument": null, 
            "parameter": 80, 
            "built_in_argument": ""
        }
    }, 
    {
        "pk": 98, 
        "model": "games.objectparameterbinding", 
        "fields": {
            "instance": 53, 
            "object_argument": 8, 
            "type_argument": null, 
            "parameter": 81, 
            "built_in_argument": ""
        }
    }, 
    {
        "pk": 2, 
        "model": "games.typetemplateparameterbinding", 
        "fields": {
            "object": 2, 
            "parameter": 9, 
            "expression_text": "2.item"
        }
    }, 
    {
        "pk": 3, 
        "model": "games.typetemplateparameterbinding", 
        "fields": {
            "object": 7, 
            "parameter": 7, 
            "expression_text": "7.item"
        }
    }, 
    {
        "pk": 5, 
        "model": "games.typetemplateparameterbinding", 
        "fields": {
            "object": 10, 
            "parameter": 2, 
            "expression_text": "10.item"
        }
    }, 
    {
        "pk": 6, 
        "model": "games.typetemplateparameterbinding", 
        "fields": {
            "object": 16, 
            "parameter": 5, 
            "expression_text": "16.item"
        }
    }, 
    {
        "pk": 7, 
        "model": "games.typetemplateparameterbinding", 
        "fields": {
            "object": 17, 
            "parameter": 10, 
            "expression_text": "17.item"
        }
    }, 
    {
        "pk": 8, 
        "model": "games.typetemplateparameterbinding", 
        "fields": {
            "object": 39, 
            "parameter": 11, 
            "expression_text": "39.item"
        }
    }, 
    {
        "pk": 9, 
        "model": "games.typetemplateparameterbinding", 
        "fields": {
            "object": 40, 
            "parameter": 5, 
            "expression_text": "40.item"
        }
    }, 
    {
        "pk": 10, 
        "model": "games.typetemplateparameterbinding", 
        "fields": {
            "object": 47, 
            "parameter": 11, 
            "expression_text": "47.item"
        }
    }, 
    {
        "pk": 11, 
        "model": "games.typetemplateparameterbinding", 
        "fields": {
            "object": 48, 
            "parameter": 2, 
            "expression_text": "48.item"
        }
    }, 
    {
        "pk": 12, 
        "model": "games.typetemplateparameterbinding", 
        "fields": {
            "object": 50, 
            "parameter": 11, 
            "expression_text": "50.item"
        }
    }, 
    {
        "pk": 2, 
        "model": "games.objecttemplateparameter", 
        "fields": {
            "of_object": 2, 
            "name": "item", 
            "expression_text": "[]"
        }
    }, 
    {
        "pk": 3, 
        "model": "games.objecttemplateparameter", 
        "fields": {
            "of_object": 7, 
            "name": "item", 
            "expression_text": "[]"
        }
    }, 
    {
        "pk": 5, 
        "model": "games.objecttemplateparameter", 
        "fields": {
            "of_object": 10, 
            "name": "item", 
            "expression_text": "[]"
        }
    }, 
    {
        "pk": 6, 
        "model": "games.objecttemplateparameter", 
        "fields": {
            "of_object": 16, 
            "name": "item", 
            "expression_text": "[]"
        }
    }, 
    {
        "pk": 7, 
        "model": "games.objecttemplateparameter", 
        "fields": {
            "of_object": 17, 
            "name": "item", 
            "expression_text": "[]"
        }
    }, 
    {
        "pk": 8, 
        "model": "games.objecttemplateparameter", 
        "fields": {
            "of_object": 39, 
            "name": "item", 
            "expression_text": "[]"
        }
    }, 
    {
        "pk": 9, 
        "model": "games.objecttemplateparameter", 
        "fields": {
            "of_object": 40, 
            "name": "item", 
            "expression_text": "[]"
        }
    }, 
    {
        "pk": 10, 
        "model": "games.objecttemplateparameter", 
        "fields": {
            "of_object": 47, 
            "name": "item", 
            "expression_text": "[]"
        }
    }, 
    {
        "pk": 11, 
        "model": "games.objecttemplateparameter", 
        "fields": {
            "of_object": 48, 
            "name": "item", 
            "expression_text": "[]"
        }
    }, 
    {
        "pk": 12, 
        "model": "games.objecttemplateparameter", 
        "fields": {
            "of_object": 50, 
            "name": "item", 
            "expression_text": "[]"
        }
    }, 
    {
        "pk": 2, 
        "model": "games.objecttemplateparameterbinding", 
        "fields": {
            "object": 7, 
            "parameter": 3, 
            "expression_text": "String!"
        }
    }, 
    {
        "pk": 3, 
        "model": "games.objecttemplateparameterbinding", 
        "fields": {
            "object": 10, 
            "parameter": 5, 
            "expression_text": "[]"
        }
    }, 
    {
        "pk": 4, 
        "model": "games.objecttemplateparameterbinding", 
        "fields": {
            "object": 16, 
            "parameter": 6, 
            "expression_text": "Integer!"
        }
    }, 
    {
        "pk": 5, 
        "model": "games.objecttemplateparameterbinding", 
        "fields": {
            "object": 40, 
            "parameter": 9, 
            "expression_text": "[]"
        }
    }, 
    {
        "pk": 6, 
        "model": "games.objecttemplateparameterbinding", 
        "fields": {
            "object": 48, 
            "parameter": 11, 
            "expression_text": "[]"
        }
    }, 
    {
        "pk": 1, 
        "model": "games.game", 
        "fields": {
            "updated_at": "2010-09-21 16:03:14", 
            "created_at": "2010-09-12 06:03:54", 
            "name": "Boggle", 
            "description": ""
        }
    }, 
    {
        "pk": 2, 
        "model": "games.game", 
        "fields": {
            "updated_at": "2010-09-15 13:45:51", 
            "created_at": "2010-09-14 13:49:15", 
            "name": "Foggle", 
            "description": ""
        }
    }, 
    {
        "pk": 12, 
        "model": "games.object", 
        "fields": {
            "name": "Add word button", 
            "height": 2, 
            "width": 7, 
            "game": 1, 
            "y": 18, 
            "x": 16, 
            "type": 5, 
            "per_player": false
        }
    }, 
    {
        "pk": 17, 
        "model": "games.object", 
        "fields": {
            "name": "Aggregate Score updater", 
            "height": 5, 
            "width": 5, 
            "game": 1, 
            "y": 0, 
            "x": 0, 
            "type": 20, 
            "per_player": false
        }
    }, 
    {
        "pk": 7, 
        "model": "games.object", 
        "fields": {
            "name": "Board", 
            "height": 15, 
            "width": 15, 
            "game": 1, 
            "y": 0, 
            "x": 0, 
            "type": 7, 
            "per_player": false
        }
    }, 
    {
        "pk": 18, 
        "model": "games.object", 
        "fields": {
            "name": "Boggle word scoring", 
            "height": 5, 
            "width": 5, 
            "game": 1, 
            "y": 0, 
            "x": 0, 
            "type": 21, 
            "per_player": false
        }
    }, 
    {
        "pk": 52, 
        "model": "games.object", 
        "fields": {
            "name": "Check both", 
            "height": 5, 
            "width": 5, 
            "game": 1, 
            "y": 0, 
            "x": 0, 
            "type": 28, 
            "per_player": false
        }
    }, 
    {
        "pk": 14, 
        "model": "games.object", 
        "fields": {
            "name": "Clear", 
            "height": 5, 
            "width": 5, 
            "game": 1, 
            "y": 0, 
            "x": 0, 
            "type": 19, 
            "per_player": false
        }
    }, 
    {
        "pk": 40, 
        "model": "games.object", 
        "fields": {
            "name": "Container", 
            "height": 2, 
            "width": 5, 
            "game": 2, 
            "y": 3, 
            "x": 0, 
            "type": 3, 
            "per_player": false
        }
    }, 
    {
        "pk": 21, 
        "model": "games.object", 
        "fields": {
            "name": "End the game", 
            "height": 5, 
            "width": 5, 
            "game": 1, 
            "y": 0, 
            "x": 0, 
            "type": 22, 
            "per_player": false
        }
    }, 
    {
        "pk": 54, 
        "model": "games.object", 
        "fields": {
            "name": "English dictionary", 
            "height": 5, 
            "width": 5, 
            "game": 1, 
            "y": 0, 
            "x": 0, 
            "type": 29, 
            "per_player": false
        }
    }, 
    {
        "pk": 3, 
        "model": "games.object", 
        "fields": {
            "name": "English letters", 
            "height": 5, 
            "width": 5, 
            "game": 1, 
            "y": 0, 
            "x": 0, 
            "type": 13, 
            "per_player": false
        }
    }, 
    {
        "pk": 23, 
        "model": "games.object", 
        "fields": {
            "name": "Focus and start", 
            "height": 5, 
            "width": 5, 
            "game": 1, 
            "y": 0, 
            "x": 0, 
            "type": 18, 
            "per_player": false
        }
    }, 
    {
        "pk": 24, 
        "model": "games.object", 
        "fields": {
            "name": "Focus on", 
            "height": 5, 
            "width": 5, 
            "game": 1, 
            "y": 0, 
            "x": 0, 
            "type": 17, 
            "per_player": false
        }
    }, 
    {
        "pk": 48, 
        "model": "games.object", 
        "fields": {
            "name": "List", 
            "height": 5, 
            "width": 5, 
            "game": 2, 
            "y": 0, 
            "x": 10, 
            "type": 4, 
            "per_player": false
        }
    }, 
    {
        "pk": 50, 
        "model": "games.object", 
        "fields": {
            "name": "Move", 
            "height": 5, 
            "width": 5, 
            "game": 1, 
            "y": 0, 
            "x": 0, 
            "type": 24, 
            "per_player": false
        }
    }, 
    {
        "pk": 41, 
        "model": "games.object", 
        "fields": {
            "name": "Move button", 
            "height": 2, 
            "width": 3, 
            "game": 2, 
            "y": 0, 
            "x": 6, 
            "type": 5, 
            "per_player": false
        }
    }, 
    {
        "pk": 47, 
        "model": "games.object", 
        "fields": {
            "name": "Move numbers to list", 
            "height": 5, 
            "width": 5, 
            "game": 2, 
            "y": 0, 
            "x": 0, 
            "type": 24, 
            "per_player": false
        }
    }, 
    {
        "pk": 39, 
        "model": "games.object", 
        "fields": {
            "name": "Move words", 
            "height": 5, 
            "width": 5, 
            "game": 2, 
            "y": 0, 
            "x": 0, 
            "type": 24, 
            "per_player": false
        }
    }, 
    {
        "pk": 16, 
        "model": "games.object", 
        "fields": {
            "name": "Score", 
            "height": 2, 
            "width": 3, 
            "game": 1, 
            "y": 0, 
            "x": 20, 
            "type": 3, 
            "per_player": true
        }
    }, 
    {
        "pk": 15, 
        "model": "games.object", 
        "fields": {
            "name": "Score label", 
            "height": 2, 
            "width": 4, 
            "game": 1, 
            "y": 0, 
            "x": 16, 
            "type": 2, 
            "per_player": false
        }
    }, 
    {
        "pk": 2, 
        "model": "games.object", 
        "fields": {
            "name": "Shuffle", 
            "height": 5, 
            "width": 5, 
            "game": 1, 
            "y": 0, 
            "x": 0, 
            "type": 12, 
            "per_player": false
        }
    }, 
    {
        "pk": 19, 
        "model": "games.object", 
        "fields": {
            "name": "Shuffle and start.", 
            "height": 5, 
            "width": 5, 
            "game": 1, 
            "y": 0, 
            "x": 0, 
            "type": 18, 
            "per_player": false
        }
    }, 
    {
        "pk": 37, 
        "model": "games.object", 
        "fields": {
            "name": "Shuffle button", 
            "height": 2, 
            "width": 4, 
            "game": 1, 
            "y": 0, 
            "x": 24, 
            "type": 5, 
            "per_player": false
        }
    }, 
    {
        "pk": 46, 
        "model": "games.object", 
        "fields": {
            "name": "Switch", 
            "height": 5, 
            "width": 5, 
            "game": 2, 
            "y": 0, 
            "x": 0, 
            "type": 27, 
            "per_player": false
        }
    }, 
    {
        "pk": 38, 
        "model": "games.object", 
        "fields": {
            "name": "Text input", 
            "height": 2, 
            "width": 5, 
            "game": 2, 
            "y": 0, 
            "x": 0, 
            "type": 1, 
            "per_player": false
        }
    }, 
    {
        "pk": 43, 
        "model": "games.object", 
        "fields": {
            "name": "Text is a number?", 
            "height": 5, 
            "width": 5, 
            "game": 2, 
            "y": 0, 
            "x": 0, 
            "type": 25, 
            "per_player": false
        }
    }, 
    {
        "pk": 22, 
        "model": "games.object", 
        "fields": {
            "name": "Time left label", 
            "height": 2, 
            "width": 5, 
            "game": 1, 
            "y": 16, 
            "x": 3, 
            "type": 2, 
            "per_player": false
        }
    }, 
    {
        "pk": 20, 
        "model": "games.object", 
        "fields": {
            "name": "Timer", 
            "height": 2, 
            "width": 3, 
            "game": 1, 
            "y": 16, 
            "x": 8, 
            "type": 23, 
            "per_player": false
        }
    }, 
    {
        "pk": 51, 
        "model": "games.object", 
        "fields": {
            "name": "Try to submit word", 
            "height": 5, 
            "width": 5, 
            "game": 1, 
            "y": 0, 
            "x": 0, 
            "type": 27, 
            "per_player": false
        }
    }, 
    {
        "pk": 11, 
        "model": "games.object", 
        "fields": {
            "name": "When ENTER is pressed...", 
            "height": 5, 
            "width": 5, 
            "game": 1, 
            "y": 0, 
            "x": 0, 
            "type": 16, 
            "per_player": false
        }
    }, 
    {
        "pk": 4, 
        "model": "games.object", 
        "fields": {
            "name": "When game begins...", 
            "height": 5, 
            "width": 5, 
            "game": 1, 
            "y": 0, 
            "x": 0, 
            "type": 11, 
            "per_player": false
        }
    }, 
    {
        "pk": 8, 
        "model": "games.object", 
        "fields": {
            "name": "Word entry", 
            "height": 2, 
            "width": 15, 
            "game": 1, 
            "y": 18, 
            "x": 0, 
            "type": 1, 
            "per_player": false
        }
    }, 
    {
        "pk": 53, 
        "model": "games.object", 
        "fields": {
            "name": "Word in dictionary?", 
            "height": 5, 
            "width": 5, 
            "game": 1, 
            "y": 0, 
            "x": 0, 
            "type": 30, 
            "per_player": false
        }
    }, 
    {
        "pk": 6, 
        "model": "games.object", 
        "fields": {
            "name": "Word on board?", 
            "height": 5, 
            "width": 5, 
            "game": 1, 
            "y": 0, 
            "x": 0, 
            "type": 9, 
            "per_player": false
        }
    }, 
    {
        "pk": 10, 
        "model": "games.object", 
        "fields": {
            "name": "Words", 
            "height": 14, 
            "width": 7, 
            "game": 1, 
            "y": 3, 
            "x": 16, 
            "type": 4, 
            "per_player": true
        }
    }
]
