[
    {
        "pk": 4, 
        "model": "games.objectparameter", 
        "fields": {
            "of_object": 2, 
            "type_parameter": 10
        }
    }, 
    {
        "pk": 5, 
        "model": "games.objectparameter", 
        "fields": {
            "of_object": 2, 
            "type_parameter": 11
        }
    }, 
    {
        "pk": 6, 
        "model": "games.objectparameter", 
        "fields": {
            "of_object": 4, 
            "type_parameter": 7
        }
    }, 
    {
        "pk": 7, 
        "model": "games.objectparameter", 
        "fields": {
            "of_object": 5, 
            "type_parameter": 3
        }
    }, 
    {
        "pk": 8, 
        "model": "games.objectparameter", 
        "fields": {
            "of_object": 5, 
            "type_parameter": 4
        }
    }, 
    {
        "pk": 9, 
        "model": "games.objectparameter", 
        "fields": {
            "of_object": 6, 
            "type_parameter": 19
        }
    }, 
    {
        "pk": 10, 
        "model": "games.objectparameter", 
        "fields": {
            "of_object": 6, 
            "type_parameter": 20
        }
    }, 
    {
        "pk": 11, 
        "model": "games.objectparameter", 
        "fields": {
            "of_object": 7, 
            "type_parameter": 22
        }
    }, 
    {
        "pk": 12, 
        "model": "games.objectparameter", 
        "fields": {
            "of_object": 7, 
            "type_parameter": 14
        }
    }, 
    {
        "pk": 13, 
        "model": "games.objectparameter", 
        "fields": {
            "of_object": 7, 
            "type_parameter": 15
        }
    }, 
    {
        "pk": 14, 
        "model": "games.objectparameter", 
        "fields": {
            "of_object": 9, 
            "type_parameter": 16
        }
    }, 
    {
        "pk": 15, 
        "model": "games.objectparameter", 
        "fields": {
            "of_object": 9, 
            "type_parameter": 17
        }
    }, 
    {
        "pk": 16, 
        "model": "games.objectparameter", 
        "fields": {
            "of_object": 9, 
            "type_parameter": 18
        }
    }, 
    {
        "pk": 17, 
        "model": "games.objectparameter", 
        "fields": {
            "of_object": 11, 
            "type_parameter": 5
        }
    }, 
    {
        "pk": 18, 
        "model": "games.objectparameter", 
        "fields": {
            "of_object": 11, 
            "type_parameter": 6
        }
    }, 
    {
        "pk": 19, 
        "model": "games.objectparameter", 
        "fields": {
            "of_object": 12, 
            "type_parameter": 3
        }
    }, 
    {
        "pk": 20, 
        "model": "games.objectparameter", 
        "fields": {
            "of_object": 12, 
            "type_parameter": 4
        }
    }, 
    {
        "pk": 21, 
        "model": "games.objectparameter", 
        "fields": {
            "of_object": 13, 
            "type_parameter": 1
        }
    }, 
    {
        "pk": 22, 
        "model": "games.objectparameter", 
        "fields": {
            "of_object": 13, 
            "type_parameter": 2
        }
    }, 
    {
        "pk": 23, 
        "model": "games.objectparameter", 
        "fields": {
            "of_object": 14, 
            "type_parameter": 21
        }
    }, 
    {
        "pk": 24, 
        "model": "games.objectparameter", 
        "fields": {
            "of_object": 15, 
            "type_parameter": 12
        }
    }, 
    {
        "pk": 25, 
        "model": "games.objectparameter", 
        "fields": {
            "of_object": 17, 
            "type_parameter": 26
        }
    }, 
    {
        "pk": 26, 
        "model": "games.objectparameter", 
        "fields": {
            "of_object": 17, 
            "type_parameter": 24
        }
    }, 
    {
        "pk": 27, 
        "model": "games.objectparameter", 
        "fields": {
            "of_object": 17, 
            "type_parameter": 25
        }
    }, 
    {
        "pk": 28, 
        "model": "games.objectparameter", 
        "fields": {
            "of_object": 19, 
            "type_parameter": 1
        }
    }, 
    {
        "pk": 29, 
        "model": "games.objectparameter", 
        "fields": {
            "of_object": 19, 
            "type_parameter": 2
        }
    }, 
    {
        "pk": 30, 
        "model": "games.objectparameter", 
        "fields": {
            "of_object": 20, 
            "type_parameter": 28
        }
    }, 
    {
        "pk": 31, 
        "model": "games.objectparameter", 
        "fields": {
            "of_object": 20, 
            "type_parameter": 27
        }
    }, 
    {
        "pk": 32, 
        "model": "games.objectparameter", 
        "fields": {
            "of_object": 22, 
            "type_parameter": 12
        }
    }, 
    {
        "pk": 16, 
        "model": "games.objectparameterbinding", 
        "fields": {
            "instance": 2, 
            "object_argument": 7, 
            "type_argument": null, 
            "parameter": 4, 
            "built_in_argument": ""
        }
    }, 
    {
        "pk": 5, 
        "model": "games.objectparameterbinding", 
        "fields": {
            "instance": 2, 
            "object_argument": 3, 
            "type_argument": null, 
            "parameter": 5, 
            "built_in_argument": ""
        }
    }, 
    {
        "pk": 33, 
        "model": "games.objectparameterbinding", 
        "fields": {
            "instance": 4, 
            "object_argument": 19, 
            "type_argument": null, 
            "parameter": 6, 
            "built_in_argument": ""
        }
    }, 
    {
        "pk": 8, 
        "model": "games.objectparameterbinding", 
        "fields": {
            "instance": 5, 
            "object_argument": 2, 
            "type_argument": null, 
            "parameter": 7, 
            "built_in_argument": ""
        }
    }, 
    {
        "pk": 11, 
        "model": "games.objectparameterbinding", 
        "fields": {
            "instance": 5, 
            "object_argument": null, 
            "type_argument": null, 
            "parameter": 8, 
            "built_in_argument": "Shuffle"
        }
    }, 
    {
        "pk": 15, 
        "model": "games.objectparameterbinding", 
        "fields": {
            "instance": 6, 
            "object_argument": 7, 
            "type_argument": null, 
            "parameter": 9, 
            "built_in_argument": ""
        }
    }, 
    {
        "pk": 17, 
        "model": "games.objectparameterbinding", 
        "fields": {
            "instance": 6, 
            "object_argument": 8, 
            "type_argument": null, 
            "parameter": 10, 
            "built_in_argument": ""
        }
    }, 
    {
        "pk": 14, 
        "model": "games.objectparameterbinding", 
        "fields": {
            "instance": 7, 
            "object_argument": null, 
            "type_argument": 3, 
            "parameter": 11, 
            "built_in_argument": ""
        }
    }, 
    {
        "pk": 12, 
        "model": "games.objectparameterbinding", 
        "fields": {
            "instance": 7, 
            "object_argument": null, 
            "type_argument": null, 
            "parameter": 12, 
            "built_in_argument": "4"
        }
    }, 
    {
        "pk": 13, 
        "model": "games.objectparameterbinding", 
        "fields": {
            "instance": 7, 
            "object_argument": null, 
            "type_argument": null, 
            "parameter": 13, 
            "built_in_argument": "4"
        }
    }, 
    {
        "pk": 20, 
        "model": "games.objectparameterbinding", 
        "fields": {
            "instance": 9, 
            "object_argument": 10, 
            "type_argument": null, 
            "parameter": 14, 
            "built_in_argument": ""
        }
    }, 
    {
        "pk": 18, 
        "model": "games.objectparameterbinding", 
        "fields": {
            "instance": 9, 
            "object_argument": 8, 
            "type_argument": null, 
            "parameter": 15, 
            "built_in_argument": ""
        }
    }, 
    {
        "pk": 19, 
        "model": "games.objectparameterbinding", 
        "fields": {
            "instance": 9, 
            "object_argument": 6, 
            "type_argument": null, 
            "parameter": 16, 
            "built_in_argument": ""
        }
    }, 
    {
        "pk": 28, 
        "model": "games.objectparameterbinding", 
        "fields": {
            "instance": 11, 
            "object_argument": 13, 
            "type_argument": null, 
            "parameter": 17, 
            "built_in_argument": ""
        }
    }, 
    {
        "pk": 22, 
        "model": "games.objectparameterbinding", 
        "fields": {
            "instance": 11, 
            "object_argument": 8, 
            "type_argument": null, 
            "parameter": 18, 
            "built_in_argument": ""
        }
    }, 
    {
        "pk": 24, 
        "model": "games.objectparameterbinding", 
        "fields": {
            "instance": 12, 
            "object_argument": 13, 
            "type_argument": null, 
            "parameter": 19, 
            "built_in_argument": ""
        }
    }, 
    {
        "pk": 23, 
        "model": "games.objectparameterbinding", 
        "fields": {
            "instance": 12, 
            "object_argument": null, 
            "type_argument": null, 
            "parameter": 20, 
            "built_in_argument": "Add word"
        }
    }, 
    {
        "pk": 25, 
        "model": "games.objectparameterbinding", 
        "fields": {
            "instance": 13, 
            "object_argument": 9, 
            "type_argument": null, 
            "parameter": 21, 
            "built_in_argument": ""
        }
    }, 
    {
        "pk": 26, 
        "model": "games.objectparameterbinding", 
        "fields": {
            "instance": 13, 
            "object_argument": 14, 
            "type_argument": null, 
            "parameter": 22, 
            "built_in_argument": ""
        }
    }, 
    {
        "pk": 27, 
        "model": "games.objectparameterbinding", 
        "fields": {
            "instance": 14, 
            "object_argument": 8, 
            "type_argument": null, 
            "parameter": 23, 
            "built_in_argument": ""
        }
    }, 
    {
        "pk": 29, 
        "model": "games.objectparameterbinding", 
        "fields": {
            "instance": 15, 
            "object_argument": null, 
            "type_argument": null, 
            "parameter": 24, 
            "built_in_argument": "Score"
        }
    }, 
    {
        "pk": 30, 
        "model": "games.objectparameterbinding", 
        "fields": {
            "instance": 17, 
            "object_argument": 10, 
            "type_argument": null, 
            "parameter": 25, 
            "built_in_argument": ""
        }
    }, 
    {
        "pk": 31, 
        "model": "games.objectparameterbinding", 
        "fields": {
            "instance": 17, 
            "object_argument": 16, 
            "type_argument": null, 
            "parameter": 26, 
            "built_in_argument": ""
        }
    }, 
    {
        "pk": 32, 
        "model": "games.objectparameterbinding", 
        "fields": {
            "instance": 17, 
            "object_argument": 18, 
            "type_argument": null, 
            "parameter": 27, 
            "built_in_argument": ""
        }
    }, 
    {
        "pk": 34, 
        "model": "games.objectparameterbinding", 
        "fields": {
            "instance": 19, 
            "object_argument": 2, 
            "type_argument": null, 
            "parameter": 28, 
            "built_in_argument": ""
        }
    }, 
    {
        "pk": 35, 
        "model": "games.objectparameterbinding", 
        "fields": {
            "instance": 19, 
            "object_argument": 20, 
            "type_argument": null, 
            "parameter": 29, 
            "built_in_argument": ""
        }
    }, 
    {
        "pk": 39, 
        "model": "games.objectparameterbinding", 
        "fields": {
            "instance": 20, 
            "object_argument": null, 
            "type_argument": null, 
            "parameter": 30, 
            "built_in_argument": "180"
        }
    }, 
    {
        "pk": 37, 
        "model": "games.objectparameterbinding", 
        "fields": {
            "instance": 20, 
            "object_argument": 21, 
            "type_argument": null, 
            "parameter": 31, 
            "built_in_argument": ""
        }
    }, 
    {
        "pk": 38, 
        "model": "games.objectparameterbinding", 
        "fields": {
            "instance": 22, 
            "object_argument": null, 
            "type_argument": null, 
            "parameter": 32, 
            "built_in_argument": "Time left"
        }
    }, 
    {
        "pk": 2, 
        "model": "games.typetemplateparameterbinding", 
        "fields": {
            "object": 2, 
            "parameter": 9, 
            "expression_text": "2.item"
        }
    }, 
    {
        "pk": 3, 
        "model": "games.typetemplateparameterbinding", 
        "fields": {
            "object": 7, 
            "parameter": 7, 
            "expression_text": "7.item"
        }
    }, 
    {
        "pk": 4, 
        "model": "games.typetemplateparameterbinding", 
        "fields": {
            "object": 9, 
            "parameter": 8, 
            "expression_text": "9.item"
        }
    }, 
    {
        "pk": 5, 
        "model": "games.typetemplateparameterbinding", 
        "fields": {
            "object": 10, 
            "parameter": 2, 
            "expression_text": "10.item"
        }
    }, 
    {
        "pk": 6, 
        "model": "games.typetemplateparameterbinding", 
        "fields": {
            "object": 16, 
            "parameter": 5, 
            "expression_text": "16.item"
        }
    }, 
    {
        "pk": 7, 
        "model": "games.typetemplateparameterbinding", 
        "fields": {
            "object": 17, 
            "parameter": 10, 
            "expression_text": "17.item"
        }
    }, 
    {
        "pk": 2, 
        "model": "games.objecttemplateparameter", 
        "fields": {
            "of_object": 2, 
            "name": "item", 
            "expression_text": "[]"
        }
    }, 
    {
        "pk": 3, 
        "model": "games.objecttemplateparameter", 
        "fields": {
            "of_object": 7, 
            "name": "item", 
            "expression_text": "[]"
        }
    }, 
    {
        "pk": 4, 
        "model": "games.objecttemplateparameter", 
        "fields": {
            "of_object": 9, 
            "name": "item", 
            "expression_text": "[]"
        }
    }, 
    {
        "pk": 5, 
        "model": "games.objecttemplateparameter", 
        "fields": {
            "of_object": 10, 
            "name": "item", 
            "expression_text": "[]"
        }
    }, 
    {
        "pk": 6, 
        "model": "games.objecttemplateparameter", 
        "fields": {
            "of_object": 16, 
            "name": "item", 
            "expression_text": "[]"
        }
    }, 
    {
        "pk": 7, 
        "model": "games.objecttemplateparameter", 
        "fields": {
            "of_object": 17, 
            "name": "item", 
            "expression_text": "[]"
        }
    }, 
    {
        "pk": 2, 
        "model": "games.objecttemplateparameterbinding", 
        "fields": {
            "object": 7, 
            "parameter": 3, 
            "expression_text": "String!"
        }
    }, 
    {
        "pk": 3, 
        "model": "games.objecttemplateparameterbinding", 
        "fields": {
            "object": 10, 
            "parameter": 5, 
            "expression_text": "[]"
        }
    }, 
    {
        "pk": 4, 
        "model": "games.objecttemplateparameterbinding", 
        "fields": {
            "object": 16, 
            "parameter": 6, 
            "expression_text": "Integer!"
        }
    }, 
    {
        "pk": 1, 
        "model": "games.game", 
        "fields": {
            "updated_at": "2010-09-13 11:38:57", 
            "created_at": "2010-09-12 06:03:54", 
            "name": "Boggle", 
            "description": ""
        }
    }, 
    {
        "pk": 12, 
        "model": "games.object", 
        "fields": {
            "name": "Add word button", 
            "height": 2, 
            "width": 7, 
            "game": 1, 
            "y": 18, 
            "x": 16, 
            "type": 5, 
            "per_player": false
        }
    }, 
    {
        "pk": 17, 
        "model": "games.object", 
        "fields": {
            "name": "Aggregate Score updater", 
            "height": 5, 
            "width": 5, 
            "game": 1, 
            "y": 0, 
            "x": 0, 
            "type": 20, 
            "per_player": false
        }
    }, 
    {
        "pk": 7, 
        "model": "games.object", 
        "fields": {
            "name": "Board", 
            "height": 15, 
            "width": 15, 
            "game": 1, 
            "y": 0, 
            "x": 0, 
            "type": 7, 
            "per_player": false
        }
    }, 
    {
        "pk": 18, 
        "model": "games.object", 
        "fields": {
            "name": "Boggle word scoring", 
            "height": 5, 
            "width": 5, 
            "game": 1, 
            "y": 0, 
            "x": 0, 
            "type": 21, 
            "per_player": false
        }
    }, 
    {
        "pk": 14, 
        "model": "games.object", 
        "fields": {
            "name": "Clear", 
            "height": 5, 
            "width": 5, 
            "game": 1, 
            "y": 0, 
            "x": 0, 
            "type": 19, 
            "per_player": false
        }
    }, 
    {
        "pk": 9, 
        "model": "games.object", 
        "fields": {
            "name": "Copy if valid", 
            "height": 5, 
            "width": 5, 
            "game": 1, 
            "y": 0, 
            "x": 0, 
            "type": 6, 
            "per_player": false
        }
    }, 
    {
        "pk": 13, 
        "model": "games.object", 
        "fields": {
            "name": "Do both...", 
            "height": 5, 
            "width": 5, 
            "game": 1, 
            "y": 0, 
            "x": 0, 
            "type": 18, 
            "per_player": false
        }
    }, 
    {
        "pk": 21, 
        "model": "games.object", 
        "fields": {
            "name": "End the game", 
            "height": 5, 
            "width": 5, 
            "game": 1, 
            "y": 0, 
            "x": 0, 
            "type": 22, 
            "per_player": false
        }
    }, 
    {
        "pk": 3, 
        "model": "games.object", 
        "fields": {
            "name": "English letters", 
            "height": 5, 
            "width": 5, 
            "game": 1, 
            "y": 0, 
            "x": 0, 
            "type": 13, 
            "per_player": false
        }
    }, 
    {
        "pk": 2, 
        "model": "games.object", 
        "fields": {
            "name": "Randomize collection", 
            "height": 5, 
            "width": 5, 
            "game": 1, 
            "y": 0, 
            "x": 0, 
            "type": 12, 
            "per_player": false
        }
    }, 
    {
        "pk": 16, 
        "model": "games.object", 
        "fields": {
            "name": "Score", 
            "height": 2, 
            "width": 3, 
            "game": 1, 
            "y": 0, 
            "x": 20, 
            "type": 3, 
            "per_player": true
        }
    }, 
    {
        "pk": 15, 
        "model": "games.object", 
        "fields": {
            "name": "Score label", 
            "height": 2, 
            "width": 4, 
            "game": 1, 
            "y": 0, 
            "x": 16, 
            "type": 2, 
            "per_player": false
        }
    }, 
    {
        "pk": 19, 
        "model": "games.object", 
        "fields": {
            "name": "Shuffle and start.", 
            "height": 5, 
            "width": 5, 
            "game": 1, 
            "y": 0, 
            "x": 0, 
            "type": 18, 
            "per_player": false
        }
    }, 
    {
        "pk": 5, 
        "model": "games.object", 
        "fields": {
            "name": "Shuffle button", 
            "height": 2, 
            "width": 4, 
            "game": 1, 
            "y": 0, 
            "x": 24, 
            "type": 5, 
            "per_player": false
        }
    }, 
    {
        "pk": 22, 
        "model": "games.object", 
        "fields": {
            "name": "Time left label", 
            "height": 2, 
            "width": 5, 
            "game": 1, 
            "y": 16, 
            "x": 3, 
            "type": 2, 
            "per_player": false
        }
    }, 
    {
        "pk": 20, 
        "model": "games.object", 
        "fields": {
            "name": "Timer", 
            "height": 2, 
            "width": 3, 
            "game": 1, 
            "y": 16, 
            "x": 8, 
            "type": 23, 
            "per_player": false
        }
    }, 
    {
        "pk": 11, 
        "model": "games.object", 
        "fields": {
            "name": "When ENTER is pressed...", 
            "height": 5, 
            "width": 5, 
            "game": 1, 
            "y": 0, 
            "x": 0, 
            "type": 16, 
            "per_player": false
        }
    }, 
    {
        "pk": 4, 
        "model": "games.object", 
        "fields": {
            "name": "When game begins...", 
            "height": 5, 
            "width": 5, 
            "game": 1, 
            "y": 0, 
            "x": 0, 
            "type": 11, 
            "per_player": false
        }
    }, 
    {
        "pk": 8, 
        "model": "games.object", 
        "fields": {
            "name": "Word entry", 
            "height": 2, 
            "width": 15, 
            "game": 1, 
            "y": 18, 
            "x": 0, 
            "type": 1, 
            "per_player": false
        }
    }, 
    {
        "pk": 6, 
        "model": "games.object", 
        "fields": {
            "name": "Word on board?", 
            "height": 5, 
            "width": 5, 
            "game": 1, 
            "y": 0, 
            "x": 0, 
            "type": 9, 
            "per_player": false
        }
    }, 
    {
        "pk": 10, 
        "model": "games.object", 
        "fields": {
            "name": "Words", 
            "height": 15, 
            "width": 7, 
            "game": 1, 
            "y": 2, 
            "x": 16, 
            "type": 4, 
            "per_player": true
        }
    }
]
