[
    {
        "pk": 5, 
        "model": "library.method", 
        "fields": {
            "interface": 7, 
            "name": "areAdjacent", 
            "return_expression": "Boolean", 
            "description": "Are a and b adjacent?"
        }
    }, 
    {
        "pk": 1, 
        "model": "library.method", 
        "fields": {
            "interface": 10, 
            "name": "call", 
            "return_expression": "item", 
            "description": "Compute some value."
        }
    }, 
    {
        "pk": 6, 
        "model": "library.method", 
        "fields": {
            "interface": 17, 
            "name": "call", 
            "return_expression": "Boolean", 
            "description": "What is the truth value of this predicate object?"
        }
    }, 
    {
        "pk": 15, 
        "model": "library.method", 
        "fields": {
            "interface": 24, 
            "name": "clear", 
            "return_expression": "Nothing", 
            "description": "Clear the content of this object."
        }
    }, 
    {
        "pk": 4, 
        "model": "library.method", 
        "fields": {
            "interface": 16, 
            "name": "doAction", 
            "return_expression": "Nothing", 
            "description": "Perform the default action of this object."
        }
    }, 
    {
        "pk": 13, 
        "model": "library.method", 
        "fields": {
            "interface": 23, 
            "name": "focus", 
            "return_expression": "Nothing", 
            "description": "Give focus to the object. Input messages from the keyboard and mouse will go directly to this object after focus is called."
        }
    }, 
    {
        "pk": 11, 
        "model": "library.method", 
        "fields": {
            "interface": 21, 
            "name": "getRandomObject", 
            "return_expression": "over", 
            "description": "Return a random object from a distribution"
        }
    }, 
    {
        "pk": 12, 
        "model": "library.method", 
        "fields": {
            "interface": 22, 
            "name": "instantiate", 
            "return_expression": "item", 
            "description": "Create an instance of a given type."
        }
    }, 
    {
        "pk": 3, 
        "model": "library.method", 
        "fields": {
            "interface": 15, 
            "name": "nextInIteration", 
            "return_expression": "item", 
            "description": "Get the next object in the sequence. When the sequence is over, this should return null."
        }
    }, 
    {
        "pk": 10, 
        "model": "library.method", 
        "fields": {
            "interface": 3, 
            "name": "pop", 
            "return_expression": "item", 
            "description": "Remove the object at the top of the stack and return it."
        }
    }, 
    {
        "pk": 9, 
        "model": "library.method", 
        "fields": {
            "interface": 3, 
            "name": "push", 
            "return_expression": "Nothing", 
            "description": "Push an object on top of the stack."
        }
    }, 
    {
        "pk": 7, 
        "model": "library.method", 
        "fields": {
            "interface": 11, 
            "name": "read", 
            "return_expression": "item", 
            "description": "Read this content of this object."
        }
    }, 
    {
        "pk": 14, 
        "model": "library.method", 
        "fields": {
            "interface": 17, 
            "name": "reason", 
            "return_expression": "String", 
            "description": "What was the reason for the last answer this predicate gave?"
        }
    }, 
    {
        "pk": 2, 
        "model": "library.method", 
        "fields": {
            "interface": 15, 
            "name": "resetIteration", 
            "return_expression": "Nothing", 
            "description": "Reset the iteraction. The next call to nextInIteration should be the first in the sequence."
        }
    }, 
    {
        "pk": 8, 
        "model": "library.method", 
        "fields": {
            "interface": 12, 
            "name": "write", 
            "return_expression": "Nothing", 
            "description": "Write a value to the content of this object."
        }
    }, 
    {
        "pk": 16, 
        "model": "library.interface", 
        "fields": {
            "is_built_in": false, 
            "name": "Action", 
            "description": "Represents an procedure that can be called at specific points during game play. Actions can be hooked up to a target object, given a specific event name. When the target fires the event, the action is called."
        }
    }, 
    {
        "pk": 1, 
        "model": "library.interface", 
        "fields": {
            "is_built_in": false, 
            "name": "Any", 
            "description": "An empty interface. If you have an object of type any, then you don't know anything about it."
        }
    }, 
    {
        "pk": 7, 
        "model": "library.interface", 
        "fields": {
            "is_built_in": false, 
            "name": "Board", 
            "description": "A collection of cells. For any two cells, you can ask the question \"Are these two cells adjacent?\" Note that if A and B are adjacent the B and A are adjacent."
        }
    }, 
    {
        "pk": 5, 
        "model": "library.interface", 
        "fields": {
            "is_built_in": true, 
            "name": "Boolean", 
            "description": "A true or false value"
        }
    }, 
    {
        "pk": 24, 
        "model": "library.interface", 
        "fields": {
            "is_built_in": false, 
            "name": "Clearable", 
            "description": "Can be cleared. Like erasing a chalk board."
        }
    }, 
    {
        "pk": 21, 
        "model": "library.interface", 
        "fields": {
            "is_built_in": false, 
            "name": "Distribution", 
            "description": "A space from which random objects can be sampled."
        }
    }, 
    {
        "pk": 22, 
        "model": "library.interface", 
        "fields": {
            "is_built_in": false, 
            "name": "Factory", 
            "description": "Used to generate instances of some type."
        }
    }, 
    {
        "pk": 13, 
        "model": "library.interface", 
        "fields": {
            "is_built_in": true, 
            "name": "Float", 
            "description": "A floating point decimal number."
        }
    }, 
    {
        "pk": 23, 
        "model": "library.interface", 
        "fields": {
            "is_built_in": false, 
            "name": "Focusable", 
            "description": "Represents an object which can be used for input. That is, it can be given focus to receive input from the keyboard."
        }
    }, 
    {
        "pk": 10, 
        "model": "library.interface", 
        "fields": {
            "is_built_in": false, 
            "name": "Function", 
            "description": "Represents a bound executable piece of code that returns a value."
        }
    }, 
    {
        "pk": 9, 
        "model": "library.interface", 
        "fields": {
            "is_built_in": true, 
            "name": "Integer", 
            "description": "A whole number either negative, zero, or positive."
        }
    }, 
    {
        "pk": 15, 
        "model": "library.interface", 
        "fields": {
            "is_built_in": false, 
            "name": "Iterable", 
            "description": "For collections of objects, allows each object in the collection to be visited one at a time."
        }
    }, 
    {
        "pk": 2, 
        "model": "library.interface", 
        "fields": {
            "is_built_in": true, 
            "name": "Nothing", 
            "description": "Represents a value that doesn't contain anything."
        }
    }, 
    {
        "pk": 17, 
        "model": "library.interface", 
        "fields": {
            "is_built_in": false, 
            "name": "Predicate", 
            "description": "A object which can be asked a \"yes\" or \"no\" question."
        }
    }, 
    {
        "pk": 11, 
        "model": "library.interface", 
        "fields": {
            "is_built_in": false, 
            "name": "Readable", 
            "description": "Can be converted to a string by reading it."
        }
    }, 
    {
        "pk": 3, 
        "model": "library.interface", 
        "fields": {
            "is_built_in": false, 
            "name": "Stack", 
            "description": "Like a stack of plates. The last plate you pushed onto the stack is the first plate to be popped off."
        }
    }, 
    {
        "pk": 8, 
        "model": "library.interface", 
        "fields": {
            "is_built_in": true, 
            "name": "String", 
            "description": "A sequence of characters."
        }
    }, 
    {
        "pk": 12, 
        "model": "library.interface", 
        "fields": {
            "is_built_in": false, 
            "name": "Writable", 
            "description": "Can be updated by writing a string."
        }
    }, 
    {
        "pk": 18, 
        "model": "library.type", 
        "fields": {
            "implements": [
                16, 
                1
            ], 
            "code": "/*\n * Type: ActionPair\n * Do action a, then do action b.\n */\ngamesoup.library.types.ActionPair = Class.create(gamesoup.library.types.BaseType);\n\n/*****************************************************************************/\n/*                                 Parameters                                */\n/*****************************************************************************/\n//                                 REFERENCES                                \n// this._a                                                               Action\n// this._b                                                               Action\n\n\n/*****************************************************************************/\n/*                             Interface Methods                             */\n/*****************************************************************************/\ngamesoup.library.types.ActionPair.addMethods({\n    \n    /*---------------------------------------->                          Action\n     * doAction()\n     * \n     * Perform the default action of this object.\n     */                                                               /* vVv */\n    doAction: function() {\n        this._a.doAction();\r\n        this._b.doAction();\n    }                                                                 /* ^A^ */\n\n});\n\n/*****************************************************************************/\n/*                                Engine Hooks                               */\n/*           These methods are called by the gamesoup match engine.          */\n/*                         Do not call them yourself!                        */\n/*                    They are called in the order shown.                    */\n/*****************************************************************************/\ngamesoup.library.types.ActionPair.addMethods({ \n    \n    /*\n     * Perform custom initialization.\n     */                                                               /* vVv */\n    register: function() {\n        \n    }                                                                 /* ^A^ */\n    \n});\n\n/*****************************************************************************/\n/*                           Implementation Methods                          */\n/*                     Do not use outside of this module!                    */\n/*****************************************************************************/\ngamesoup.library.types.ActionPair.addMethods({\n    // Helper methods go here...\n});", 
            "name": "ActionPair", 
            "visible": false, 
            "has_state": false, 
            "description": "Do action a, then do action b."
        }
    }, 
    {
        "pk": 5, 
        "model": "library.type", 
        "fields": {
            "implements": [
                1
            ], 
            "code": "/*\n * Type: Button\n * A simple push button. Connect actions to its \"click\" event to make it useful.\n */\ngamesoup.library.types.Button = Class.create(gamesoup.library.types.BaseType);\n\n/*****************************************************************************/\n/*                                 Parameters                                */\n/*****************************************************************************/\n//                                 BUILT-INS                                 \n// this._label                                                           String\n//                                 REFERENCES                                \n// this._action                                                          Action\n\n\n/*****************************************************************************/\n/*                                Engine Hooks                               */\n/*           These methods are called by the gamesoup match engine.          */\n/*                         Do not call them yourself!                        */\n/*                    They are called in the order shown.                    */\n/*****************************************************************************/\ngamesoup.library.types.Button.addMethods({ \n    \n    /*\n     * Extend the DOM and apply styling.\n     */                                                               /* vVv */\n    render: function() {\n        t = new Template('<input type=\"button\" value=\"#{label}\" style=\"width: 100%; height: 100%; font-size: #{size}px\" />');\r\n        var s = (this._width / this._label.length * 1.5).round();\r\n        s = s > this._height / 2 ? (this._height / 2).round() : s;\r\n        this._node.insert({bottom: t.evaluate({label: this._label, size: s})});\r\n        this._buttonNode = this._node.down('input[type=button]');\n    },                                                                /* ^A^ */\n    \n    /*\n     * Perform custom initialization.\n     */                                                               /* vVv */\n    register: function() {\n        this._buttonNode.observe('click', this._action.doAction.bind(this._action));\n    }                                                                 /* ^A^ */\n    \n});\n\n/*****************************************************************************/\n/*                           Implementation Methods                          */\n/*                     Do not use outside of this module!                    */\n/*****************************************************************************/\ngamesoup.library.types.Button.addMethods({\n    // Helper methods go here...\n});", 
            "name": "Button", 
            "visible": true, 
            "has_state": false, 
            "description": "A simple push button. Connect actions to its \"click\" event to make it useful."
        }
    }, 
    {
        "pk": 14, 
        "model": "library.type", 
        "fields": {
            "implements": [
                1, 
                11, 
                12
            ], 
            "code": "/*\n * Type: Cell\n * A simple type used to contain another\n */\ngamesoup.library.types.Cell = Class.create(gamesoup.library.types.BaseType);\n\n/*****************************************************************************/\n/*                             Interface Methods                             */\n/*****************************************************************************/\ngamesoup.library.types.Cell.addMethods({\n    \n    /*---------------------------------------->                        Readable\n     * read() : item\n     * \n     * Read this content of this object.\n     */                                                               /* vVv */\n    read: function() {\n        return this._item;\n    },                                                                /* ^A^ */\n\n    /*---------------------------------------->                        Writable\n     * write(item : item)\n     * \n     * Write a value to the content of this object.\n     */                                                               /* vVv */\n    write: function(item) {\n        this._item = item;\r\n        this._node.innerHTML = item;\n    }                                                                 /* ^A^ */\n\n});\n\n/*****************************************************************************/\n/*                                Engine Hooks                               */\n/*           These methods are called by the gamesoup match engine.          */\n/*                         Do not call them yourself!                        */\n/*                    They are called in the order shown.                    */\n/*****************************************************************************/\ngamesoup.library.types.Cell.addMethods({ \n    \n    /*\n     * Perform custom initialization.\n     */                                                               /* vVv */\n    register: function() {\n        this._item = null;\n    }                                                                 /* ^A^ */\n    \n});\n\n/*****************************************************************************/\n/*                           Implementation Methods                          */\n/*                     Do not use outside of this module!                    */\n/*****************************************************************************/\ngamesoup.library.types.Cell.addMethods({\n    // Helper methods go here...\n});", 
            "name": "Cell", 
            "visible": false, 
            "has_state": false, 
            "description": "A simple type used to contain another"
        }
    }, 
    {
        "pk": 15, 
        "model": "library.type", 
        "fields": {
            "implements": [
                1, 
                22
            ], 
            "code": "/*\n * Type: CellFactory\n * A factory for creating cells.\n */\ngamesoup.library.types.CellFactory = Class.create(gamesoup.library.types.BaseType);\n\n/*****************************************************************************/\n/*                             Interface Methods                             */\n/*****************************************************************************/\ngamesoup.library.types.CellFactory.addMethods({\n    \n    /*---------------------------------------->                         Factory\n     * instantiate() : item\n     * \n     * Create an instance of a given type.\n     */                                                               /* vVv */\n    instantiate: function() {\n        var cell = new gamesoup.library.types.Cell();\r\n        cell.createDOM();\r\n        cell.register();\r\n        return cell;\n    }                                                                 /* ^A^ */\n\n});\n\n/*****************************************************************************/\n/*                                Engine Hooks                               */\n/*           These methods are called by the gamesoup match engine.          */\n/*                         Do not call them yourself!                        */\n/*                    They are called in the order shown.                    */\n/*****************************************************************************/\ngamesoup.library.types.CellFactory.addMethods({ \n    \n    /*\n     * Perform custom initialization.\n     */                                                               /* vVv */\n    register: function() {\n        \n    }                                                                 /* ^A^ */\n    \n});\n\n/*****************************************************************************/\n/*                           Implementation Methods                          */\n/*                     Do not use outside of this module!                    */\n/*****************************************************************************/\ngamesoup.library.types.CellFactory.addMethods({\n    // Helper methods go here...\n});", 
            "name": "CellFactory", 
            "visible": false, 
            "has_state": false, 
            "description": "A factory for creating cells."
        }
    }, 
    {
        "pk": 19, 
        "model": "library.type", 
        "fields": {
            "implements": [
                16, 
                1
            ], 
            "code": "/*\r\n * Type: Clear\r\n * Clear an object.\r\n */\r\ngamesoup.library.types.Clear = Class.create(gamesoup.library.types.BaseType);\r\n\r\n/*****************************************************************************/\r\n/*                                 Parameters                                */\r\n/*****************************************************************************/\r\n//                                 REFERENCES                                \r\n// this._object                                                       Clearable\r\n\r\n\r\n/*****************************************************************************/\r\n/*                             Interface Methods                             */\r\n/*****************************************************************************/\r\ngamesoup.library.types.Clear.addMethods({\r\n    \r\n    /*---------------------------------------->                          Action\r\n     * doAction()\r\n     * \r\n     * Perform the default action of this object.\r\n     */                                                               /* vVv */\r\n    doAction: function() {\r\n        this._object.clear();\r\n    }                                                                 /* ^A^ */\r\n\r\n});\r\n\r\n/*****************************************************************************/\r\n/*                                Engine Hooks                               */\r\n/*           These methods are called by the gamesoup match engine.          */\r\n/*                         Do not call them yourself!                        */\r\n/*                    They are called in the order shown.                    */\r\n/*****************************************************************************/\r\ngamesoup.library.types.Clear.addMethods({ \r\n    \r\n    /*\r\n     * Perform custom initialization.\r\n     */                                                               /* vVv */\r\n    register: function() {\r\n        \r\n    }                                                                 /* ^A^ */\r\n    \r\n});\r\n\r\n/*****************************************************************************/\r\n/*                           Implementation Methods                          */\r\n/*                     Do not use outside of this module!                    */\r\n/*****************************************************************************/\r\ngamesoup.library.types.Clear.addMethods({\r\n    // Helper methods go here...\r\n});", 
            "name": "Clear", 
            "visible": false, 
            "has_state": false, 
            "description": "Clear an object."
        }
    }, 
    {
        "pk": 16, 
        "model": "library.type", 
        "fields": {
            "implements": [
                1
            ], 
            "code": "/*\n * Type: EnterKeyPressed\n * Do something when the enter key is pressed and when a given object has focus.\n */\ngamesoup.library.types.EnterKeyPressed = Class.create(gamesoup.library.types.BaseType);\n\n/*****************************************************************************/\n/*                                 Parameters                                */\n/*****************************************************************************/\n//                                 REFERENCES                                \n// this._action                                                          Action\n// this._focus                                                              Any\n\n\n/*****************************************************************************/\n/*                                Engine Hooks                               */\n/*           These methods are called by the gamesoup match engine.          */\n/*                         Do not call them yourself!                        */\n/*                    They are called in the order shown.                    */\n/*****************************************************************************/\ngamesoup.library.types.EnterKeyPressed.addMethods({ \n    \n    /*\n     * Perform custom initialization.\n     */                                                               /* vVv */\n    register: function() {\n        this._focus.observe('keydown', function(event) {\r\n            if (event.keyCode == Event.KEY_RETURN) {\r\n                this._action.doAction();\r\n            }\r\n        }.bind(this));\n    }                                                                 /* ^A^ */\n    \n});\n\n/*****************************************************************************/\n/*                           Implementation Methods                          */\n/*                     Do not use outside of this module!                    */\n/*****************************************************************************/\ngamesoup.library.types.EnterKeyPressed.addMethods({\n    // Helper methods go here...\n});", 
            "name": "EnterKeyPressed", 
            "visible": false, 
            "has_state": false, 
            "description": "Do something when the enter key is pressed and when a given object has focus."
        }
    }, 
    {
        "pk": 11, 
        "model": "library.type", 
        "fields": {
            "implements": [
                1
            ], 
            "code": "/*\n * Type: GameStarted\n * Connect an action to this object to have it execute at the start of the game.\n */\ngamesoup.library.types.GameStarted = Class.create(gamesoup.library.types.BaseType);\n\n/*****************************************************************************/\n/*                                 Parameters                                */\n/*****************************************************************************/\n//                                 REFERENCES                                \n// this._action                                                          Action\n\n\n/*****************************************************************************/\n/*                                Engine Hooks                               */\n/*           These methods are called by the gamesoup match engine.          */\n/*                         Do not call them yourself!                        */\n/*                    They are called in the order shown.                    */\n/*****************************************************************************/\ngamesoup.library.types.GameStarted.addMethods({ \n    \n    /*\n     * Perform custom initialization.\n     */                                                               /* vVv */\n    register: function() {\n        $('gamesoup-engine').observe('game:start', this._action.doAction.bind(this._action));\n    }                                                                 /* ^A^ */\n    \n});\n\n/*****************************************************************************/\n/*                           Implementation Methods                          */\n/*                     Do not use outside of this module!                    */\n/*****************************************************************************/\ngamesoup.library.types.GameStarted.addMethods({\n    // Helper methods go here...\n});", 
            "name": "GameStarted", 
            "visible": false, 
            "has_state": false, 
            "description": "Connect an action to this object to have it execute at the start of the game."
        }
    }, 
    {
        "pk": 17, 
        "model": "library.type", 
        "fields": {
            "implements": [
                16, 
                1
            ], 
            "code": "/*\n * Type: GiveFocus\n * Give focus to a target object. After receiving focus, that object will accept input from the keyboard and mouse.\n */\ngamesoup.library.types.GiveFocus = Class.create(gamesoup.library.types.BaseType);\n\n/*****************************************************************************/\n/*                                 Parameters                                */\n/*****************************************************************************/\n//                                 REFERENCES                                \n// this._target                                                       Focusable\n\n\n/*****************************************************************************/\n/*                             Interface Methods                             */\n/*****************************************************************************/\ngamesoup.library.types.GiveFocus.addMethods({\n    \n    /*---------------------------------------->                          Action\n     * doAction()\n     * \n     * Perform the default action of this object.\n     */                                                               /* vVv */\n    doAction: function() {\n        this._target.focus();\n    }                                                                 /* ^A^ */\n\n});\n\n/*****************************************************************************/\n/*                                Engine Hooks                               */\n/*           These methods are called by the gamesoup match engine.          */\n/*                         Do not call them yourself!                        */\n/*                    They are called in the order shown.                    */\n/*****************************************************************************/\ngamesoup.library.types.GiveFocus.addMethods({ \n    \n    /*\n     * Perform custom initialization.\n     */                                                               /* vVv */\n    register: function() {\n        \n    }                                                                 /* ^A^ */\n    \n});\n\n/*****************************************************************************/\n/*                           Implementation Methods                          */\n/*                     Do not use outside of this module!                    */\n/*****************************************************************************/\ngamesoup.library.types.GiveFocus.addMethods({\n    // Helper methods go here...\n});", 
            "name": "GiveFocus", 
            "visible": false, 
            "has_state": false, 
            "description": "Give focus to a target object. After receiving focus, that object will accept input from the keyboard and mouse."
        }
    }, 
    {
        "pk": 8, 
        "model": "library.type", 
        "fields": {
            "implements": [
                1, 
                7, 
                15
            ], 
            "code": "/*\n * Type: HexagonalGrid\n * A board in which each cell is shaped like a hexagon.\n */\ngamesoup.library.types.HexagonalGrid = Class.create(gamesoup.library.types.BaseType);\n\n/*****************************************************************************/\n/*                                 Parameters                                */\n/*****************************************************************************/\n//                                 BUILT-INS                                 \n// this._radius                                                         Integer\n\n/*****************************************************************************/\n/*                             Interface Methods                             */\n/*****************************************************************************/\ngamesoup.library.types.HexagonalGrid.addMethods({\n    \n    /*---------------------------------------->                           Board\n     * areAdjacent(a : cell ; b : cell) : Boolean\n     * \n     * Are a and b adjacent?\n     */                                                               /* vVv */\n    areAdjacent: function(a, b) {\n        \n    },                                                                /* ^A^ */\n\n    /*---------------------------------------->                        Iterable\n     * nextInIteration() : item\n     * \n     * Get the next object in the sequence. When the sequence is over, this should return null.\n     */                                                               /* vVv */\n    nextInIteration: function() {\n        \n    },                                                                /* ^A^ */\n\n    /*---------------------------------------->                        Iterable\n     * resetIteration()\n     * \n     * Reset the iteraction. The next call to nextInIteration should be the first in the sequence.\n     */                                                               /* vVv */\n    resetIteration: function() {\n        \n    }                                                                 /* ^A^ */\n\n});\n\n/*****************************************************************************/\n/*                                Engine Hooks                               */\n/*           These methods are called by the gamesoup match engine.          */\n/*                         Do not call them yourself!                        */\n/*                    They are called in the order shown.                    */\n/*****************************************************************************/\ngamesoup.library.types.HexagonalGrid.addMethods({ \n    \n    /*\n     * Extend the DOM and apply styling.\n     */                                                               /* vVv */\n    render: function() {\n        \n    },                                                                /* ^A^ */\n    \n    /*\n     *\n     */                                                               /* vVv */\n    stateSchema: function() {\n        \n    },                                                                /* ^A^ */\n    \n    /*\n     *\n     */                                                               /* vVv */\n    initialState: function() {\n        \n    },                                                                /* ^A^ */\n    \n    /*\n     * Perform custom initialization.\n     */                                                               /* vVv */\n    register: function() {\n        \n    }                                                                 /* ^A^ */\n    \n});\n\n/*****************************************************************************/\n/*                           Implementation Methods                          */\n/*                     Do not use outside of this module!                    */\n/*****************************************************************************/\ngamesoup.library.types.HexagonalGrid.addMethods({\n    // Helper methods go here...\n});", 
            "name": "HexagonalGrid", 
            "visible": true, 
            "has_state": true, 
            "description": "A board in which each cell is shaped like a hexagon."
        }
    }, 
    {
        "pk": 12, 
        "model": "library.type", 
        "fields": {
            "implements": [
                16, 
                1
            ], 
            "code": "/*\n * Type: InitializeCollection\n * For each writable cell in a collection, provide a newly instantiated object.\n */\ngamesoup.library.types.InitializeCollection = Class.create(gamesoup.library.types.BaseType);\n\n/*****************************************************************************/\n/*                                 Parameters                                */\n/*****************************************************************************/\n//                                 REFERENCES                                \n// this._collection                                                    Iterable\n// this._factory                                                        Factory\n\n\n/*****************************************************************************/\n/*                             Interface Methods                             */\n/*****************************************************************************/\ngamesoup.library.types.InitializeCollection.addMethods({\n    \n    /*---------------------------------------->                          Action\n     * doAction()\n     * \n     * Perform the default action of this object.\n     */                                                               /* vVv */\n    doAction: function() {\n        this._collection.resetIteration();\r\n        var nextCell = this._collection.nextInIteration()\r\n        while (nextCell) {\r\n            var item = this._factory.instantiate();\r\n            nextCell.write(item);\r\n            nextCell = this._collection.nextInIteration();\r\n        }\n    }                                                                 /* ^A^ */\n\n});\n\n/*****************************************************************************/\n/*                                Engine Hooks                               */\n/*           These methods are called by the gamesoup match engine.          */\n/*                         Do not call them yourself!                        */\n/*                    They are called in the order shown.                    */\n/*****************************************************************************/\ngamesoup.library.types.InitializeCollection.addMethods({ \n    \n    /*\n     * Perform custom initialization.\n     */                                                               /* vVv */\n    register: function() {\n        \n    }                                                                 /* ^A^ */\n    \n});\n\n/*****************************************************************************/\n/*                           Implementation Methods                          */\n/*                     Do not use outside of this module!                    */\n/*****************************************************************************/\ngamesoup.library.types.InitializeCollection.addMethods({\n    // Helper methods go here...\n});", 
            "name": "InitializeCollection", 
            "visible": false, 
            "has_state": false, 
            "description": "For each writable cell in a collection, provide a newly instantiated object."
        }
    }, 
    {
        "pk": 2, 
        "model": "library.type", 
        "fields": {
            "implements": [
                1
            ], 
            "code": "/*\n * Type: Label\n * A simple way to place text on the screen. The value never changes throughout the game.\n */\ngamesoup.library.types.Label = Class.create(gamesoup.library.types.BaseType);\n\n/*****************************************************************************/\n/*                                 Parameters                                */\n/*****************************************************************************/\n//                                 BUILT-INS                                 \n// this._value                                                           String\n\n/*****************************************************************************/\n/*                                Engine Hooks                               */\n/*           These methods are called by the gamesoup match engine.          */\n/*                         Do not call them yourself!                        */\n/*                    They are called in the order shown.                    */\n/*****************************************************************************/\ngamesoup.library.types.Label.addMethods({ \n    \n    /*\n     * Extend the DOM and apply styling.\n     */                                                               /* vVv */\n    render: function() {\n        t = new Template('<div class=\"label\" style=\"font-size: #{size}px\">#{value}</div>');\r\n        var s = (this._width / this._value.length * 1.5).round();\r\n        s = s > this._height / 2 ? (this._height / 2).round() : s;\r\n        this._node.insert({bottom: t.evaluate({value: this._value, size: s})});\n    },                                                                /* ^A^ */\n    \n    /*\n     * Perform custom initialization.\n     */                                                               /* vVv */\n    register: function() {\n        \n    }                                                                 /* ^A^ */\n    \n});\n\n/*****************************************************************************/\n/*                           Implementation Methods                          */\n/*                     Do not use outside of this module!                    */\n/*****************************************************************************/\ngamesoup.library.types.Label.addMethods({\n    // Helper methods go here...\n});", 
            "name": "Label", 
            "visible": true, 
            "has_state": false, 
            "description": "A simple way to place text on the screen. The value never changes throughout the game."
        }
    }, 
    {
        "pk": 4, 
        "model": "library.type", 
        "fields": {
            "implements": [
                1, 
                15, 
                11, 
                3, 
                12
            ], 
            "code": "/*\n * Type: List\n * A vertical sequence of items that can be updated during the game.\n */\ngamesoup.library.types.List = Class.create(gamesoup.library.types.BaseType);\n\n/*****************************************************************************/\n/*                             Interface Methods                             */\n/*****************************************************************************/\ngamesoup.library.types.List.addMethods({\n    \n    /*---------------------------------------->                        Iterable\n     * nextInIteration() : item\n     * \n     * Get the next object in the sequence. When the sequence is over, this should return null.\n     */                                                               /* vVv */\n    nextInIteration: function() {\n        var item = this._items[this._iteratorIndex];\r\n        this._iteratorIndex++;\r\n        return item;\n    },                                                                /* ^A^ */\n\n    /*---------------------------------------->                           Stack\n     * pop() : item\n     * \n     * Remove the object at the top of the stack and return it.\n     */                                                               /* vVv */\n    pop: function() {\n        this._listNode.select('li').first().remove();\r\n        return this._items.pop();\n    },                                                                /* ^A^ */\n\n    /*---------------------------------------->                           Stack\n     * push(item : item)\n     * \n     * Push an object on top of the stack.\n     */                                                               /* vVv */\n    push: function(item) {\n        this._listNode.insert(this._listItemTemplate.evaluate({item: item}));\r\n        this._items.push(item);\n    },                                                                /* ^A^ */\n\n    /*---------------------------------------->                        Readable\n     * read() : item\n     * \n     * Read this content of this object.\n     */                                                               /* vVv */\n    read: function() {\n        return this._items.first();\n    },                                                                /* ^A^ */\n\n    /*---------------------------------------->                        Iterable\n     * resetIteration()\n     * \n     * Reset the iteraction. The next call to nextInIteration should be the first in the sequence.\n     */                                                               /* vVv */\n    resetIteration: function() {\n        this._iteratorIndex = 0;\n    },                                                                /* ^A^ */\n\n    /*---------------------------------------->                        Writable\n     * write(item : item)\n     * \n     * Write a value to the content of this object.\n     */                                                               /* vVv */\n    write: function(item) {\n        this.push(item);\n    }                                                                 /* ^A^ */\n\n});\n\n/*****************************************************************************/\n/*                                Engine Hooks                               */\n/*           These methods are called by the gamesoup match engine.          */\n/*                         Do not call them yourself!                        */\n/*                    They are called in the order shown.                    */\n/*****************************************************************************/\ngamesoup.library.types.List.addMethods({ \n    \n    /*\n     * Extend the DOM and apply styling.\n     */                                                               /* vVv */\n    render: function() {\n        this._node.insert({bottom: '<ul class=\"box list inner-container\"></ul>'});\r\n        this._listNode = this._node.down('.list');\n    },                                                                /* ^A^ */\n    \n    /*\n     *\n     */                                                               /* vVv */\n    stateSchema: function() {\n        \n    },                                                                /* ^A^ */\n    \n    /*\n     *\n     */                                                               /* vVv */\n    initialState: function() {\n        \n    },                                                                /* ^A^ */\n    \n    /*\n     * Perform custom initialization.\n     */                                                               /* vVv */\n    register: function() {\n        this._listItemTemplate = new Template('<li>#{item}</li>');\r\n        this._items = $A();\r\n        this.resetIteration();\n    }                                                                 /* ^A^ */\n    \n});\n\n/*****************************************************************************/\n/*                           Implementation Methods                          */\n/*                     Do not use outside of this module!                    */\n/*****************************************************************************/\ngamesoup.library.types.List.addMethods({\n    // Helper methods go here...\n});", 
            "name": "List", 
            "visible": true, 
            "has_state": true, 
            "description": "A vertical sequence of items that can be updated during the game."
        }
    }, 
    {
        "pk": 13, 
        "model": "library.type", 
        "fields": {
            "implements": [
                21, 
                22
            ], 
            "code": "/*\n * Type: RandomEnglishLetters\n * Distribution over the Latin alphabet. Generates letters in the frequency in which they occur in the English language.\n */\ngamesoup.library.types.RandomEnglishLetters = Class.create(gamesoup.library.types.BaseType);\n\n/*****************************************************************************/\n/*                             Interface Methods                             */\n/*****************************************************************************/\ngamesoup.library.types.RandomEnglishLetters.addMethods({\n    \n    /*---------------------------------------->                    Distribution\n     * getRandomObject() : over\n     * \n     * Return a random object from a distribution\n     */                                                               /* vVv */\n    getRandomObject: function() {\n        return this._letters[(Math.random() * this._letters.length).floor()];\n    },                                                                /* ^A^ */\n\n    /*---------------------------------------->                         Factory\n     * instantiate() : item\n     * \n     * Create an instance of a given type.\n     */                                                               /* vVv */\n    instantiate: function() {\n        return this.getRandomObject();\n    }                                                                 /* ^A^ */\n\n});\n\n/*****************************************************************************/\n/*                                Engine Hooks                               */\n/*           These methods are called by the gamesoup match engine.          */\n/*                         Do not call them yourself!                        */\n/*                    They are called in the order shown.                    */\n/*****************************************************************************/\ngamesoup.library.types.RandomEnglishLetters.addMethods({ \n    \n    /*\n     * Perform custom initialization.\n     */                                                               /* vVv */\n    register: function() {\n        this._letters = \"\";\r\n        var freqs = [82,15,28,43,127,22,20,61,70,2,8,40,24,67,75,19,1,60,63,91,28,10,24,2,20,1];\r\n        freqs.zip(\"ABCDEFGHIJKLMNOPQRSTUVWXYZ\".toArray()).each(function(item) {\r\n            var freq = item[0];\r\n            var letter = item[1];\r\n            this._letters += letter.times(freq);\r\n        }.bind(this));\n    }                                                                 /* ^A^ */\n    \n});\n\n/*****************************************************************************/\n/*                           Implementation Methods                          */\n/*                     Do not use outside of this module!                    */\n/*****************************************************************************/\ngamesoup.library.types.RandomEnglishLetters.addMethods({\n    // Helper methods go here...\n});", 
            "name": "RandomEnglishLetters", 
            "visible": false, 
            "has_state": false, 
            "description": "Distribution over the Latin alphabet. Generates letters in the frequency in which they occur in the English language."
        }
    }, 
    {
        "pk": 10, 
        "model": "library.type", 
        "fields": {
            "implements": [
                16, 
                1
            ], 
            "code": "/*\n * Type: SayHello\n * A simple object that just opens an alert box with a message. This object is useful during game design as a simple test that an action is getting triggered.\n */\ngamesoup.library.types.SayHello = Class.create(gamesoup.library.types.BaseType);\n\n/*****************************************************************************/\n/*                                 Parameters                                */\n/*****************************************************************************/\n//                                 BUILT-INS                                 \n// this._message                                                         String\n\n/*****************************************************************************/\n/*                             Interface Methods                             */\n/*****************************************************************************/\ngamesoup.library.types.SayHello.addMethods({\n    \n    /*---------------------------------------->                          Action\n     * doAction()\n     * \n     * Perform the default action of this object.\n     */                                                               /* vVv */\n    doAction: function() {\n        alert(this._message);\n    }                                                                 /* ^A^ */\n\n});\n\n/*****************************************************************************/\n/*                                Engine Hooks                               */\n/*           These methods are called by the gamesoup match engine.          */\n/*                         Do not call them yourself!                        */\n/*                    They are called in the order shown.                    */\n/*****************************************************************************/\ngamesoup.library.types.SayHello.addMethods({ \n    \n    /*\n     * Perform custom initialization.\n     */                                                               /* vVv */\n    register: function() {\n        \n    }                                                                 /* ^A^ */\n    \n});\n\n/*****************************************************************************/\n/*                           Implementation Methods                          */\n/*                     Do not use outside of this module!                    */\n/*****************************************************************************/\ngamesoup.library.types.SayHello.addMethods({\n    // Helper methods go here...\n});", 
            "name": "SayHello", 
            "visible": false, 
            "has_state": false, 
            "description": "A simple object that just opens an alert box with a message. This object is useful during game design as a simple test that an action is getting triggered."
        }
    }, 
    {
        "pk": 7, 
        "model": "library.type", 
        "fields": {
            "implements": [
                1, 
                7, 
                15
            ], 
            "code": "/*\r\n * Type: SquareGrid\r\n * A board arranged in rows and columns.\r\n */\r\ngamesoup.library.types.SquareGrid = Class.create(gamesoup.library.types.BaseType);\r\n\r\n/*****************************************************************************/\r\n/*                                 Parameters                                */\r\n/*****************************************************************************/\r\n//                                 BUILT-INS                                 \r\n// this._colCount                                                       Integer\r\n// this._rowCount                                                       Integer\r\n//                                 FACTORIES                                 \r\n// this._cellType                                         [Readable & Writable]\r\n\r\n\r\n/*****************************************************************************/\r\n/*                             Interface Methods                             */\r\n/*****************************************************************************/\r\ngamesoup.library.types.SquareGrid.addMethods({\r\n    \r\n    /*---------------------------------------->                           Board\r\n     * areAdjacent(a : cell ; b : cell) : Boolean\r\n     * \r\n     * Are a and b adjacent?\r\n     */                                                               /* vVv */\r\n    areAdjacent: function(a, b) {\r\n        \r\n    },                                                                /* ^A^ */\r\n\r\n    /*---------------------------------------->                        Iterable\r\n     * nextInIteration() : item\r\n     * \r\n     * Get the next object in the sequence. When the sequence is over, this should return null.\r\n     */                                                               /* vVv */\r\n    nextInIteration: function() {\r\n        var cell = this._cells[this._iteratorIndex];\r\n        this._iteratorIndex++;\r\n        return cell;\r\n    },                                                                /* ^A^ */\r\n\r\n    /*---------------------------------------->                        Iterable\r\n     * resetIteration()\r\n     * \r\n     * Reset the iteraction. The next call to nextInIteration should be the first in the sequence.\r\n     */                                                               /* vVv */\r\n    resetIteration: function() {\r\n        this._iteratorIndex = 0;\r\n    }                                                                 /* ^A^ */\r\n\r\n});\r\n\r\n/*****************************************************************************/\r\n/*                                Engine Hooks                               */\r\n/*           These methods are called by the gamesoup match engine.          */\r\n/*                         Do not call them yourself!                        */\r\n/*                    They are called in the order shown.                    */\r\n/*****************************************************************************/\r\ngamesoup.library.types.SquareGrid.addMethods({ \r\n    \r\n    /*\r\n     * Extend the DOM and apply styling.\r\n     */                                                               /* vVv */\r\n    render: function() {\r\n        this._node.insert({bottom: '<div class=\"inner-container\"></div>'});\r\n        var container = this._node.down('.inner-container');\r\n        var t = new Template('<div class=\"col-#{i} row-#{j} cell\" style=\"position: absolute; left: #{left}px; top: #{top}px; width: #{width}px; height: #{height}px;\"></div>')\r\n        var c = {\r\n            left: 0,\r\n            top: 0,\r\n            width: (this._width / this._colCount).round() - 2,\r\n            height: (this._height / this._rowCount).round() - 2\r\n        };\r\n        for (c.i=0; c.i<this._colCount; c.i++) {\r\n            c.top = 0;\r\n            for (c.j=0; c.j<this._rowCount; c.j++) {\r\n                container.insert({bottom: t.evaluate(c)});\r\n                c.top += c.height + 2;\r\n            }\r\n            c.left += c.width + 2;\r\n        }\r\n    },                                                                /* ^A^ */\r\n    \r\n    /*\r\n     *\r\n     */                                                               /* vVv */\r\n    stateSchema: function() {\r\n        \r\n    },                                                                /* ^A^ */\r\n    \r\n    /*\r\n     *\r\n     */                                                               /* vVv */\r\n    initialState: function() {\r\n        \r\n    },                                                                /* ^A^ */\r\n    \r\n    /*\r\n     * Perform custom initialization.\r\n     */                                                               /* vVv */\r\n    register: function() {\r\n        this._createCells();\r\n        this.resetIteration();\r\n    }                                                                 /* ^A^ */\r\n    \r\n});\r\n\r\n/*****************************************************************************/\r\n/*                           Implementation Methods                          */\r\n/*                     Do not use outside of this module!                    */\r\n/*****************************************************************************/\r\ngamesoup.library.types.SquareGrid.addMethods({\r\n    _createCells: function() {\r\n        this._cells = $A();\r\n        var t = new Template('.col-#{i}.row-#{j}');\r\n        var c = {};\r\n        for (c.i=0; c.i<this._colCount; c.i++) {\r\n            for (c.j=0; c.j<this._rowCount; c.j++) {\r\n                var cell = this._instantiateCell();\r\n                var cellContainerNode = this._node.down(t.evaluate(c));\r\n                cellContainerNode.insert({bottom: cell._node});\r\n                this._cells.push(cell);\r\n            }\r\n        }        \r\n    },\r\n    _instantiateCell: function() {\r\n        var cell = new this._cellType();\r\n        cell.createDOM();\r\n        cell.register();\r\n        return cell;        \r\n    }\r\n});", 
            "name": "SquareGrid", 
            "visible": true, 
            "has_state": true, 
            "description": "A board arranged in rows and columns."
        }
    }, 
    {
        "pk": 6, 
        "model": "library.type", 
        "fields": {
            "implements": [
                16, 
                1
            ], 
            "code": "/*\n * Type: SubmitStringWithCheck\n * Action that reads a string from a source and if it is ok, sends it to a receiver. The source is cleared.\n */\ngamesoup.library.types.SubmitStringWithCheck = Class.create(gamesoup.library.types.BaseType);\n\n/*****************************************************************************/\n/*                                 Parameters                                */\n/*****************************************************************************/\n//                                 REFERENCES                                \n// this._destination                                      Writable<item=String>\n// this._source                                           Readable<item=String>\n// this._validator                                                    Predicate\n\n\n/*****************************************************************************/\n/*                             Interface Methods                             */\n/*****************************************************************************/\ngamesoup.library.types.SubmitStringWithCheck.addMethods({\n    \n    /*---------------------------------------->                          Action\n     * doAction()\n     * \n     * Perform the default action of this object.\n     */                                                               /* vVv */\n    doAction: function() {\n        if (this._validator.call()) {\r\n            // Success\r\n            var item = this._source.read();\r\n            this._destination.write(item);\r\n        } else {\r\n            // Failure\r\n            gamesoup.matches.messageBoard.postLocally(this._validator.reason());\r\n        }\r\n        // Need support for multiple interfaces on parameters.\r\n        // this._source.clear();\n    }                                                                 /* ^A^ */\n\n});\n\n/*****************************************************************************/\n/*                                Engine Hooks                               */\n/*           These methods are called by the gamesoup match engine.          */\n/*                         Do not call them yourself!                        */\n/*                    They are called in the order shown.                    */\n/*****************************************************************************/\ngamesoup.library.types.SubmitStringWithCheck.addMethods({ \n    \n    /*\n     * Perform custom initialization.\n     */                                                               /* vVv */\n    register: function() {\n        \n    }                                                                 /* ^A^ */\n    \n});\n\n/*****************************************************************************/\n/*                           Implementation Methods                          */\n/*                     Do not use outside of this module!                    */\n/*****************************************************************************/\ngamesoup.library.types.SubmitStringWithCheck.addMethods({\n    // Helper methods go here...\n});", 
            "name": "SubmitStringWithCheck", 
            "visible": false, 
            "has_state": false, 
            "description": "Action that reads a string from a source and if it is ok, sends it to a receiver. The source is cleared."
        }
    }, 
    {
        "pk": 3, 
        "model": "library.type", 
        "fields": {
            "implements": [
                1, 
                11, 
                12
            ], 
            "code": "/*\n * Type: TextField\n * A text output field that can be updated during the game.\n */\ngamesoup.library.types.TextField = Class.create(gamesoup.library.types.BaseType);\n\n/*****************************************************************************/\n/*                             Interface Methods                             */\n/*****************************************************************************/\ngamesoup.library.types.TextField.addMethods({\n    \n    /*---------------------------------------->                        Readable\n     * read() : item\n     * \n     * Read this content of this object.\n     */                                                               /* vVv */\n    read: function() {\n        return this._value;\n    },                                                                /* ^A^ */\n\n    /*---------------------------------------->                        Writable\n     * write(item : item)\n     * \n     * Write a value to the content of this object.\n     */                                                               /* vVv */\n    write: function(item) {\n        this._value = item;\r\n        this._node.innerHTML = item;\n    }                                                                 /* ^A^ */\n\n});\n\n/*****************************************************************************/\n/*                                Engine Hooks                               */\n/*           These methods are called by the gamesoup match engine.          */\n/*                         Do not call them yourself!                        */\n/*                    They are called in the order shown.                    */\n/*****************************************************************************/\ngamesoup.library.types.TextField.addMethods({ \n    \n    /*\n     * Extend the DOM and apply styling.\n     */                                                               /* vVv */\n    render: function() {\n        \n    },                                                                /* ^A^ */\n    \n    /*\n     *\n     */                                                               /* vVv */\n    stateSchema: function() {\n        \n    },                                                                /* ^A^ */\n    \n    /*\n     *\n     */                                                               /* vVv */\n    initialState: function() {\n        \n    },                                                                /* ^A^ */\n    \n    /*\n     * Perform custom initialization.\n     */                                                               /* vVv */\n    register: function() {\n        this._value = \"\";\n    }                                                                 /* ^A^ */\n    \n});\n\n/*****************************************************************************/\n/*                           Implementation Methods                          */\n/*                     Do not use outside of this module!                    */\n/*****************************************************************************/\ngamesoup.library.types.TextField.addMethods({\n    // Helper methods go here...\n});", 
            "name": "TextField", 
            "visible": true, 
            "has_state": true, 
            "description": "A text output field that can be updated during the game."
        }
    }, 
    {
        "pk": 1, 
        "model": "library.type", 
        "fields": {
            "implements": [
                1, 
                24, 
                23, 
                11, 
                12
            ], 
            "code": "/*\r\n * Type: TextInput\r\n * For entering text.\r\n */\r\ngamesoup.library.types.TextInput = Class.create(gamesoup.library.types.BaseType);\r\n\r\n/*****************************************************************************/\r\n/*                             Interface Methods                             */\r\n/*****************************************************************************/\r\ngamesoup.library.types.TextInput.addMethods({\r\n    \r\n    /*---------------------------------------->                       Clearable\r\n     * clear()\r\n     * \r\n     * Clear the content of this object.\r\n     */                                                               /* vVv */\r\n    clear: function() {\r\n        this._inputNode.setValue('');\r\n    },                                                                /* ^A^ */\r\n\r\n    /*---------------------------------------->                       Focusable\r\n     * focus()\r\n     * \r\n     * Give focus to the object. Input messages from the keyboard and mouse will go directly to this object after focus is called.\r\n     */                                                               /* vVv */\r\n    focus: function() {\r\n        this._inputNode.focus();\r\n    },                                                                /* ^A^ */\r\n\r\n    /*---------------------------------------->                        Readable\r\n     * read() : item\r\n     * \r\n     * Read this content of this object.\r\n     */                                                               /* vVv */\r\n    read: function() {\r\n        return this._inputNode.getValue();\r\n    },                                                                /* ^A^ */\r\n\r\n    /*---------------------------------------->                        Writable\r\n     * write(item : item)\r\n     * \r\n     * Write a value to the content of this object.\r\n     */                                                               /* vVv */\r\n    write: function(item) {\r\n        this._inputNode.setValue(item);\r\n    }                                                                 /* ^A^ */\r\n\r\n});\r\n\r\n/*****************************************************************************/\r\n/*                                Engine Hooks                               */\r\n/*           These methods are called by the gamesoup match engine.          */\r\n/*                         Do not call them yourself!                        */\r\n/*                    They are called in the order shown.                    */\r\n/*****************************************************************************/\r\ngamesoup.library.types.TextInput.addMethods({ \r\n    \r\n    /*\r\n     * Extend the DOM and apply styling.\r\n     */                                                               /* vVv */\r\n    render: function() {\r\n        t = new Template('<input type=\"text\" style=\"width: 100%; height: 100%; font-size: #{size}px\" />');\r\n        var s = (this._height / 2).round();\r\n        this._node.insert({bottom: t.evaluate({size: s})});\r\n        this._inputNode = this._node.down('input[type=text]');\r\n    },                                                                /* ^A^ */\r\n    \r\n    /*\r\n     * Perform custom initialization.\r\n     */                                                               /* vVv */\r\n    register: function() {\r\n        \r\n    }                                                                 /* ^A^ */\r\n    \r\n});\r\n\r\n/*****************************************************************************/\r\n/*                           Implementation Methods                          */\r\n/*                     Do not use outside of this module!                    */\r\n/*****************************************************************************/\r\ngamesoup.library.types.TextInput.addMethods({\r\n    // Helper methods go here...\r\n});", 
            "name": "TextInput", 
            "visible": true, 
            "has_state": false, 
            "description": "For entering text."
        }
    }, 
    {
        "pk": 9, 
        "model": "library.type", 
        "fields": {
            "implements": [
                1, 
                17
            ], 
            "code": "/*\n * Type: WordOnBoardPath\n * Give a word, can a sequence of adjacent cells be found on a board where letters on those cells spell out the word?\n */\ngamesoup.library.types.WordOnBoardPath = Class.create(gamesoup.library.types.BaseType);\n\n/*****************************************************************************/\n/*                                 Parameters                                */\n/*****************************************************************************/\n//                                 REFERENCES                                \n// this._board                                               Board<item=String>\n// this._word                                             Readable<item=String>\n\n\n/*****************************************************************************/\n/*                             Interface Methods                             */\n/*****************************************************************************/\ngamesoup.library.types.WordOnBoardPath.addMethods({\n    \n    /*---------------------------------------->                       Predicate\n     * call() : Boolean\n     * \n     * What is the truth value of this predicate object?\n     */                                                               /* vVv */\n    call: function() {\n        var c = {};\n        c.word = this._word.read();\n        if (c.word.length == 0) {\n            this._lastReason = \"Please type your word in.\";\n        } else {\n            this._lastReason = this._failReason.evaluate(c);            \n        }\n        return false;\n    },                                                                /* ^A^ */\n\n    /*---------------------------------------->                       Predicate\n     * reason() : String\n     * \n     * What was the reason for the last answer this predicate gave?\n     */                                                               /* vVv */\n    reason: function() {\n        return this._lastReason;\n    }                                                                 /* ^A^ */\n\n});\n\n/*****************************************************************************/\n/*                                Engine Hooks                               */\n/*           These methods are called by the gamesoup match engine.          */\n/*                         Do not call them yourself!                        */\n/*                    They are called in the order shown.                    */\n/*****************************************************************************/\ngamesoup.library.types.WordOnBoardPath.addMethods({ \n    \n    /*\n     * Perform custom initialization.\n     */                                                               /* vVv */\n    register: function() {\n        this._failReason = new Template(\"The word '#{word}' was not on the board\");\n        this._successReason = new Template(\"The word '#{word}' was found!\");\n        this._lastReason = \"\";\n    }                                                                 /* ^A^ */\n    \n});\n\n/*****************************************************************************/\n/*                           Implementation Methods                          */\n/*                     Do not use outside of this module!                    */\n/*****************************************************************************/\ngamesoup.library.types.WordOnBoardPath.addMethods({\n    // Helper methods go here...\n});", 
            "name": "WordOnBoardPath", 
            "visible": false, 
            "has_state": false, 
            "description": "Give a word, can a sequence of adjacent cells be found on a board where letters on those cells spell out the word?"
        }
    }, 
    {
        "pk": 1, 
        "model": "library.typeparameter", 
        "fields": {
            "name": "a", 
            "interfaces": [
                16
            ], 
            "is_built_in": false, 
            "is_factory": false, 
            "of_type": 18, 
            "expression": "Action"
        }
    }, 
    {
        "pk": 3, 
        "model": "library.typeparameter", 
        "fields": {
            "name": "action", 
            "interfaces": [
                16
            ], 
            "is_built_in": false, 
            "is_factory": false, 
            "of_type": 5, 
            "expression": "Action"
        }
    }, 
    {
        "pk": 5, 
        "model": "library.typeparameter", 
        "fields": {
            "name": "action", 
            "interfaces": [
                16
            ], 
            "is_built_in": false, 
            "is_factory": false, 
            "of_type": 16, 
            "expression": "Action"
        }
    }, 
    {
        "pk": 7, 
        "model": "library.typeparameter", 
        "fields": {
            "name": "action", 
            "interfaces": [
                16
            ], 
            "is_built_in": false, 
            "is_factory": false, 
            "of_type": 11, 
            "expression": "Action"
        }
    }, 
    {
        "pk": 2, 
        "model": "library.typeparameter", 
        "fields": {
            "name": "b", 
            "interfaces": [
                16
            ], 
            "is_built_in": false, 
            "is_factory": false, 
            "of_type": 18, 
            "expression": "Action"
        }
    }, 
    {
        "pk": 19, 
        "model": "library.typeparameter", 
        "fields": {
            "name": "board", 
            "interfaces": [
                7
            ], 
            "is_built_in": false, 
            "is_factory": false, 
            "of_type": 9, 
            "expression": "Board<item=String>"
        }
    }, 
    {
        "pk": 22, 
        "model": "library.typeparameter", 
        "fields": {
            "name": "cellType", 
            "interfaces": [
                11, 
                12
            ], 
            "is_built_in": false, 
            "is_factory": true, 
            "of_type": 7, 
            "expression": "[Readable & Writable]"
        }
    }, 
    {
        "pk": 14, 
        "model": "library.typeparameter", 
        "fields": {
            "name": "colCount", 
            "interfaces": [
                9
            ], 
            "is_built_in": true, 
            "is_factory": false, 
            "of_type": 7, 
            "expression": "Integer"
        }
    }, 
    {
        "pk": 10, 
        "model": "library.typeparameter", 
        "fields": {
            "name": "collection", 
            "interfaces": [
                15
            ], 
            "is_built_in": false, 
            "is_factory": false, 
            "of_type": 12, 
            "expression": "Iterable"
        }
    }, 
    {
        "pk": 16, 
        "model": "library.typeparameter", 
        "fields": {
            "name": "destination", 
            "interfaces": [
                12
            ], 
            "is_built_in": false, 
            "is_factory": false, 
            "of_type": 6, 
            "expression": "Writable<item=String>"
        }
    }, 
    {
        "pk": 11, 
        "model": "library.typeparameter", 
        "fields": {
            "name": "factory", 
            "interfaces": [
                22
            ], 
            "is_built_in": false, 
            "is_factory": false, 
            "of_type": 12, 
            "expression": "Factory"
        }
    }, 
    {
        "pk": 6, 
        "model": "library.typeparameter", 
        "fields": {
            "name": "focus", 
            "interfaces": [
                1
            ], 
            "is_built_in": false, 
            "is_factory": false, 
            "of_type": 16, 
            "expression": "Any"
        }
    }, 
    {
        "pk": 4, 
        "model": "library.typeparameter", 
        "fields": {
            "name": "label", 
            "interfaces": [
                8
            ], 
            "is_built_in": true, 
            "is_factory": false, 
            "of_type": 5, 
            "expression": "String"
        }
    }, 
    {
        "pk": 13, 
        "model": "library.typeparameter", 
        "fields": {
            "name": "message", 
            "interfaces": [
                8
            ], 
            "is_built_in": true, 
            "is_factory": false, 
            "of_type": 10, 
            "expression": "String"
        }
    }, 
    {
        "pk": 21, 
        "model": "library.typeparameter", 
        "fields": {
            "name": "object", 
            "interfaces": [
                24
            ], 
            "is_built_in": false, 
            "is_factory": false, 
            "of_type": 19, 
            "expression": "Clearable"
        }
    }, 
    {
        "pk": 9, 
        "model": "library.typeparameter", 
        "fields": {
            "name": "radius", 
            "interfaces": [
                9
            ], 
            "is_built_in": true, 
            "is_factory": false, 
            "of_type": 8, 
            "expression": "Integer"
        }
    }, 
    {
        "pk": 15, 
        "model": "library.typeparameter", 
        "fields": {
            "name": "rowCount", 
            "interfaces": [
                9
            ], 
            "is_built_in": true, 
            "is_factory": false, 
            "of_type": 7, 
            "expression": "Integer"
        }
    }, 
    {
        "pk": 17, 
        "model": "library.typeparameter", 
        "fields": {
            "name": "source", 
            "interfaces": [
                11
            ], 
            "is_built_in": false, 
            "is_factory": false, 
            "of_type": 6, 
            "expression": "Readable<item=String>"
        }
    }, 
    {
        "pk": 8, 
        "model": "library.typeparameter", 
        "fields": {
            "name": "target", 
            "interfaces": [
                23
            ], 
            "is_built_in": false, 
            "is_factory": false, 
            "of_type": 17, 
            "expression": "Focusable"
        }
    }, 
    {
        "pk": 18, 
        "model": "library.typeparameter", 
        "fields": {
            "name": "validator", 
            "interfaces": [
                17
            ], 
            "is_built_in": false, 
            "is_factory": false, 
            "of_type": 6, 
            "expression": "Predicate"
        }
    }, 
    {
        "pk": 12, 
        "model": "library.typeparameter", 
        "fields": {
            "name": "value", 
            "interfaces": [
                8
            ], 
            "is_built_in": true, 
            "is_factory": false, 
            "of_type": 2, 
            "expression": "String"
        }
    }, 
    {
        "pk": 20, 
        "model": "library.typeparameter", 
        "fields": {
            "name": "word", 
            "interfaces": [
                11
            ], 
            "is_built_in": false, 
            "is_factory": false, 
            "of_type": 9, 
            "expression": "Readable<item=String>"
        }
    }, 
    {
        "pk": 1, 
        "model": "library.methodparameter", 
        "fields": {
            "interfaces": [], 
            "of_method": 5, 
            "is_built_in": false, 
            "expression": "cell", 
            "name": "a"
        }
    }, 
    {
        "pk": 2, 
        "model": "library.methodparameter", 
        "fields": {
            "interfaces": [], 
            "of_method": 5, 
            "is_built_in": false, 
            "expression": "cell", 
            "name": "b"
        }
    }, 
    {
        "pk": 3, 
        "model": "library.methodparameter", 
        "fields": {
            "interfaces": [], 
            "of_method": 9, 
            "is_built_in": false, 
            "expression": "item", 
            "name": "item"
        }
    }, 
    {
        "pk": 4, 
        "model": "library.methodparameter", 
        "fields": {
            "interfaces": [], 
            "of_method": 8, 
            "is_built_in": false, 
            "expression": "item", 
            "name": "item"
        }
    }, 
    {
        "pk": 7, 
        "model": "library.interfacetemplateparameter", 
        "fields": {
            "of_interface": 7, 
            "name": "cell", 
            "weakest": "[Readable<item=item> & Writable<item=item>]"
        }
    }, 
    {
        "pk": 1, 
        "model": "library.interfacetemplateparameter", 
        "fields": {
            "of_interface": 10, 
            "name": "item", 
            "weakest": "Any"
        }
    }, 
    {
        "pk": 2, 
        "model": "library.interfacetemplateparameter", 
        "fields": {
            "of_interface": 15, 
            "name": "item", 
            "weakest": "Any"
        }
    }, 
    {
        "pk": 4, 
        "model": "library.interfacetemplateparameter", 
        "fields": {
            "of_interface": 11, 
            "name": "item", 
            "weakest": "Any"
        }
    }, 
    {
        "pk": 5, 
        "model": "library.interfacetemplateparameter", 
        "fields": {
            "of_interface": 3, 
            "name": "item", 
            "weakest": "Any"
        }
    }, 
    {
        "pk": 6, 
        "model": "library.interfacetemplateparameter", 
        "fields": {
            "of_interface": 12, 
            "name": "item", 
            "weakest": "Any"
        }
    }, 
    {
        "pk": 9, 
        "model": "library.interfacetemplateparameter", 
        "fields": {
            "of_interface": 22, 
            "name": "item", 
            "weakest": "Any"
        }
    }, 
    {
        "pk": 10, 
        "model": "library.interfacetemplateparameter", 
        "fields": {
            "of_interface": 7, 
            "name": "item", 
            "weakest": "Any"
        }
    }, 
    {
        "pk": 8, 
        "model": "library.interfacetemplateparameter", 
        "fields": {
            "of_interface": 21, 
            "name": "over", 
            "weakest": "Any"
        }
    }, 
    {
        "pk": 3, 
        "model": "library.typetemplateparameter", 
        "fields": {
            "of_type": 8, 
            "name": "Cell", 
            "weakest": "Any"
        }
    }, 
    {
        "pk": 1, 
        "model": "library.typetemplateparameter", 
        "fields": {
            "of_type": 1, 
            "name": "Item", 
            "weakest": "Any"
        }
    }, 
    {
        "pk": 2, 
        "model": "library.typetemplateparameter", 
        "fields": {
            "of_type": 4, 
            "name": "Item", 
            "weakest": "Any"
        }
    }, 
    {
        "pk": 5, 
        "model": "library.typetemplateparameter", 
        "fields": {
            "of_type": 3, 
            "name": "Item", 
            "weakest": "Any"
        }
    }, 
    {
        "pk": 6, 
        "model": "library.typetemplateparameter", 
        "fields": {
            "of_type": 12, 
            "name": "Item", 
            "weakest": "Any"
        }
    }, 
    {
        "pk": 7, 
        "model": "library.typetemplateparameter", 
        "fields": {
            "of_type": 14, 
            "name": "Item", 
            "weakest": "Any"
        }
    }, 
    {
        "pk": 1, 
        "model": "library.interfacetemplateparameterbinding", 
        "fields": {
            "type": 1, 
            "parameter": 4, 
            "bound_to": "Item"
        }
    }, 
    {
        "pk": 2, 
        "model": "library.interfacetemplateparameterbinding", 
        "fields": {
            "type": 1, 
            "parameter": 6, 
            "bound_to": "Item"
        }
    }, 
    {
        "pk": 4, 
        "model": "library.interfacetemplateparameterbinding", 
        "fields": {
            "type": 4, 
            "parameter": 5, 
            "bound_to": "Item"
        }
    }, 
    {
        "pk": 5, 
        "model": "library.interfacetemplateparameterbinding", 
        "fields": {
            "type": 4, 
            "parameter": 2, 
            "bound_to": "Item"
        }
    }, 
    {
        "pk": 6, 
        "model": "library.interfacetemplateparameterbinding", 
        "fields": {
            "type": 8, 
            "parameter": 7, 
            "bound_to": "Cell"
        }
    }, 
    {
        "pk": 7, 
        "model": "library.interfacetemplateparameterbinding", 
        "fields": {
            "type": 8, 
            "parameter": 2, 
            "bound_to": "Cell"
        }
    }, 
    {
        "pk": 10, 
        "model": "library.interfacetemplateparameterbinding", 
        "fields": {
            "type": 3, 
            "parameter": 4, 
            "bound_to": "Item"
        }
    }, 
    {
        "pk": 11, 
        "model": "library.interfacetemplateparameterbinding", 
        "fields": {
            "type": 3, 
            "parameter": 6, 
            "bound_to": "Item"
        }
    }, 
    {
        "pk": 13, 
        "model": "library.interfacetemplateparameterbinding", 
        "fields": {
            "type": 4, 
            "parameter": 4, 
            "bound_to": "Item"
        }
    }, 
    {
        "pk": 14, 
        "model": "library.interfacetemplateparameterbinding", 
        "fields": {
            "type": 4, 
            "parameter": 6, 
            "bound_to": "Item"
        }
    }, 
    {
        "pk": 16, 
        "model": "library.interfacetemplateparameterbinding", 
        "fields": {
            "type": 13, 
            "parameter": 8, 
            "bound_to": "String"
        }
    }, 
    {
        "pk": 17, 
        "model": "library.interfacetemplateparameterbinding", 
        "fields": {
            "type": 13, 
            "parameter": 9, 
            "bound_to": "String"
        }
    }, 
    {
        "pk": 18, 
        "model": "library.interfacetemplateparameterbinding", 
        "fields": {
            "type": 14, 
            "parameter": 4, 
            "bound_to": "Item"
        }
    }, 
    {
        "pk": 19, 
        "model": "library.interfacetemplateparameterbinding", 
        "fields": {
            "type": 14, 
            "parameter": 6, 
            "bound_to": "Item"
        }
    }, 
    {
        "pk": 21, 
        "model": "library.interfacetemplateparameterbinding", 
        "fields": {
            "type": 15, 
            "parameter": 9, 
            "bound_to": "Cell"
        }
    }
]
