[
    {
        "pk": 5, 
        "model": "library.method", 
        "fields": {
            "interface": 7, 
            "return_expression_text": "Boolean!", 
            "name": "areAdjacent", 
            "description": "Are a and b adjacent?"
        }
    }, 
    {
        "pk": 1, 
        "model": "library.method", 
        "fields": {
            "interface": 10, 
            "return_expression_text": "[item]", 
            "name": "call", 
            "description": "Compute some value."
        }
    }, 
    {
        "pk": 6, 
        "model": "library.method", 
        "fields": {
            "interface": 17, 
            "return_expression_text": "Boolean!", 
            "name": "call", 
            "description": "What is the truth value of this predicate object?"
        }
    }, 
    {
        "pk": 15, 
        "model": "library.method", 
        "fields": {
            "interface": 24, 
            "return_expression_text": "0", 
            "name": "clear", 
            "description": "Clear the content of this object."
        }
    }, 
    {
        "pk": 4, 
        "model": "library.method", 
        "fields": {
            "interface": 16, 
            "return_expression_text": "0", 
            "name": "doAction", 
            "description": "Perform the default action of this object."
        }
    }, 
    {
        "pk": 13, 
        "model": "library.method", 
        "fields": {
            "interface": 23, 
            "return_expression_text": "0", 
            "name": "focus", 
            "description": "Give focus to the object. Input messages from the keyboard and mouse will go directly to this object after focus is called."
        }
    }, 
    {
        "pk": 11, 
        "model": "library.method", 
        "fields": {
            "interface": 21, 
            "return_expression_text": "[over]", 
            "name": "getRandomObject", 
            "description": "Return a random object from a distribution"
        }
    }, 
    {
        "pk": 3, 
        "model": "library.method", 
        "fields": {
            "interface": 15, 
            "return_expression_text": "[item]", 
            "name": "nextInIteration", 
            "description": "Get the next object in the sequence. When the sequence is over, this should return null."
        }
    }, 
    {
        "pk": 10, 
        "model": "library.method", 
        "fields": {
            "interface": 3, 
            "return_expression_text": "[item]", 
            "name": "pop", 
            "description": "Remove the object at the top of the stack and return it."
        }
    }, 
    {
        "pk": 9, 
        "model": "library.method", 
        "fields": {
            "interface": 3, 
            "return_expression_text": "0", 
            "name": "push", 
            "description": "Push an object on top of the stack."
        }
    }, 
    {
        "pk": 7, 
        "model": "library.method", 
        "fields": {
            "interface": 11, 
            "return_expression_text": "[item]", 
            "name": "read", 
            "description": "Read this content of this object."
        }
    }, 
    {
        "pk": 14, 
        "model": "library.method", 
        "fields": {
            "interface": 17, 
            "return_expression_text": "String!", 
            "name": "reason", 
            "description": "What was the reason for the last answer this predicate gave?"
        }
    }, 
    {
        "pk": 2, 
        "model": "library.method", 
        "fields": {
            "interface": 15, 
            "return_expression_text": "0", 
            "name": "resetIteration", 
            "description": "Reset the iteraction. The next call to nextInIteration should be the first in the sequence."
        }
    }, 
    {
        "pk": 8, 
        "model": "library.method", 
        "fields": {
            "interface": 12, 
            "return_expression_text": "0", 
            "name": "write", 
            "description": "Write a value to the content of this object."
        }
    }, 
    {
        "pk": 16, 
        "model": "library.interface", 
        "fields": {
            "is_built_in": false, 
            "name": "Action", 
            "description": "Represents an procedure that can be called at specific points during game play. Actions can be hooked up to a target object, given a specific event name. When the target fires the event, the action is called."
        }
    }, 
    {
        "pk": 7, 
        "model": "library.interface", 
        "fields": {
            "is_built_in": false, 
            "name": "Board", 
            "description": "A collection of cells. For any two cells, you can ask the question \"Are these two cells adjacent?\" Note that if A and B are adjacent the B and A are adjacent."
        }
    }, 
    {
        "pk": 5, 
        "model": "library.interface", 
        "fields": {
            "is_built_in": true, 
            "name": "Boolean!", 
            "description": "A true or false value"
        }
    }, 
    {
        "pk": 24, 
        "model": "library.interface", 
        "fields": {
            "is_built_in": false, 
            "name": "Clearable", 
            "description": "Can be cleared. Like erasing a chalk board."
        }
    }, 
    {
        "pk": 21, 
        "model": "library.interface", 
        "fields": {
            "is_built_in": false, 
            "name": "Distribution", 
            "description": "A space from which random objects can be sampled."
        }
    }, 
    {
        "pk": 13, 
        "model": "library.interface", 
        "fields": {
            "is_built_in": true, 
            "name": "Float!", 
            "description": "A floating point decimal number."
        }
    }, 
    {
        "pk": 23, 
        "model": "library.interface", 
        "fields": {
            "is_built_in": false, 
            "name": "Focusable", 
            "description": "Represents an object which can be used for input. That is, it can be given focus to receive input from the keyboard."
        }
    }, 
    {
        "pk": 10, 
        "model": "library.interface", 
        "fields": {
            "is_built_in": false, 
            "name": "Function", 
            "description": "Represents a bound executable piece of code that returns a value."
        }
    }, 
    {
        "pk": 9, 
        "model": "library.interface", 
        "fields": {
            "is_built_in": true, 
            "name": "Integer!", 
            "description": "A whole number either negative, zero, or positive."
        }
    }, 
    {
        "pk": 15, 
        "model": "library.interface", 
        "fields": {
            "is_built_in": false, 
            "name": "Iterable", 
            "description": "For collections of objects, allows each object in the collection to be visited one at a time."
        }
    }, 
    {
        "pk": 17, 
        "model": "library.interface", 
        "fields": {
            "is_built_in": false, 
            "name": "Predicate", 
            "description": "A object which can be asked a \"yes\" or \"no\" question."
        }
    }, 
    {
        "pk": 11, 
        "model": "library.interface", 
        "fields": {
            "is_built_in": false, 
            "name": "Readable", 
            "description": "Can be converted to a string by reading it."
        }
    }, 
    {
        "pk": 3, 
        "model": "library.interface", 
        "fields": {
            "is_built_in": false, 
            "name": "Stack", 
            "description": "Like a stack of plates. The last plate you pushed onto the stack is the first plate to be popped off."
        }
    }, 
    {
        "pk": 8, 
        "model": "library.interface", 
        "fields": {
            "is_built_in": true, 
            "name": "String!", 
            "description": "A sequence of characters."
        }
    }, 
    {
        "pk": 12, 
        "model": "library.interface", 
        "fields": {
            "is_built_in": false, 
            "name": "Writable", 
            "description": "Can be updated by writing a string."
        }
    }, 
    {
        "pk": 18, 
        "model": "library.type", 
        "fields": {
            "implements": [
                16
            ], 
            "code": "/*\n * Type: ActionPair\n * Do action a, then do action b.\n */\ngamesoup.library.types.ActionPair = Class.create(gamesoup.library.types.BaseType);\n\n/*****************************************************************************/\n/*                                 Parameters                                */\n/*****************************************************************************/\n//                                 REFERENCES                                \n// this._a                                                               Action\n// this._b                                                               Action\n\n\n/*****************************************************************************/\n/*                             Interface Methods                             */\n/*****************************************************************************/\ngamesoup.library.types.ActionPair.addMethods({\n    \n    /*---------------------------------------->                          Action\n     * doAction()\n     * \n     * Perform the default action of this object.\n     */                                                               /* vVv */\n    doAction: function() {\n        this._a.doAction();\r\n        this._b.doAction();\n    }                                                                 /* ^A^ */\n\n});\n\n/*****************************************************************************/\n/*                                Engine Hooks                               */\n/*           These methods are called by the gamesoup match engine.          */\n/*                         Do not call them yourself!                        */\n/*                    They are called in the order shown.                    */\n/*****************************************************************************/\ngamesoup.library.types.ActionPair.addMethods({ \n    \n    /*\n     * Perform custom initialization.\n     */                                                               /* vVv */\n    register: function() {\n        \n    }                                                                 /* ^A^ */\n    \n});\n\n/*****************************************************************************/\n/*                           Implementation Methods                          */\n/*                     Do not use outside of this module!                    */\n/*****************************************************************************/\ngamesoup.library.types.ActionPair.addMethods({\n    // Helper methods go here...\n});", 
            "name": "ActionPair", 
            "visible": false, 
            "has_state": false, 
            "description": "Do action a, then do action b."
        }
    }, 
    {
        "pk": 5, 
        "model": "library.type", 
        "fields": {
            "implements": [], 
            "code": "/*\n * Type: Button\n * A simple push button. Connect actions to its \"click\" event to make it useful.\n */\ngamesoup.library.types.Button = Class.create(gamesoup.library.types.BaseType);\n\n/*****************************************************************************/\n/*                                 Parameters                                */\n/*****************************************************************************/\n//                                 BUILT-INS                                 \n// this._label                                                           String\n//                                 REFERENCES                                \n// this._action                                                          Action\n\n\n/*****************************************************************************/\n/*                                Engine Hooks                               */\n/*           These methods are called by the gamesoup match engine.          */\n/*                         Do not call them yourself!                        */\n/*                    They are called in the order shown.                    */\n/*****************************************************************************/\ngamesoup.library.types.Button.addMethods({ \n    \n    /*\n     * Extend the DOM and apply styling.\n     */                                                               /* vVv */\n    render: function() {\n        t = new Template('<input type=\"button\" value=\"#{label}\" style=\"width: 100%; height: 100%; font-size: #{size}px\" />');\r\n        var s = (this._width / this._label.length * 1.5).round();\r\n        s = s > this._height / 2 ? (this._height / 2).round() : s;\r\n        this._node.insert({bottom: t.evaluate({label: this._label, size: s})});\r\n        this._buttonNode = this._node.down('input[type=button]');\n    },                                                                /* ^A^ */\n    \n    /*\n     * Perform custom initialization.\n     */                                                               /* vVv */\n    register: function() {\n        this._buttonNode.observe('click', this._action.doAction.bind(this._action));\n    }                                                                 /* ^A^ */\n    \n});\n\n/*****************************************************************************/\n/*                           Implementation Methods                          */\n/*                     Do not use outside of this module!                    */\n/*****************************************************************************/\ngamesoup.library.types.Button.addMethods({\n    // Helper methods go here...\n});", 
            "name": "Button", 
            "visible": true, 
            "has_state": false, 
            "description": "A simple push button. Connect actions to its \"click\" event to make it useful."
        }
    }, 
    {
        "pk": 19, 
        "model": "library.type", 
        "fields": {
            "implements": [
                16
            ], 
            "code": "/*\n * Type: Clear\n * Clear an object.\n */\ngamesoup.library.types.Clear = Class.create(gamesoup.library.types.BaseType);\n\n/*****************************************************************************/\n/*                                 Parameters                                */\n/*****************************************************************************/\n//                                 REFERENCES                                \n// this._object                                                       Clearable\n\n\n/*****************************************************************************/\n/*                             Interface Methods                             */\n/*****************************************************************************/\ngamesoup.library.types.Clear.addMethods({\n    \n    /*---------------------------------------->                          Action\n     * doAction()\n     * \n     * Perform the default action of this object.\n     */                                                               /* vVv */\n    doAction: function() {\n        this._object.clear();\n    }                                                                 /* ^A^ */\n\n});\n\n/*****************************************************************************/\n/*                                Engine Hooks                               */\n/*           These methods are called by the gamesoup match engine.          */\n/*                         Do not call them yourself!                        */\n/*                    They are called in the order shown.                    */\n/*****************************************************************************/\ngamesoup.library.types.Clear.addMethods({ \n    \n    /*\n     * Perform custom initialization.\n     */                                                               /* vVv */\n    register: function() {\n        \n    }                                                                 /* ^A^ */\n    \n});\n\n/*****************************************************************************/\n/*                           Implementation Methods                          */\n/*                     Do not use outside of this module!                    */\n/*****************************************************************************/\ngamesoup.library.types.Clear.addMethods({\n    // Helper methods go here...\n});", 
            "name": "Clear", 
            "visible": false, 
            "has_state": false, 
            "description": "Clear an object."
        }
    }, 
    {
        "pk": 3, 
        "model": "library.type", 
        "fields": {
            "implements": [
                11, 
                12
            ], 
            "code": "/*\n * Type: Container\n * An object that simply contains another object.\n */\ngamesoup.library.types.Container = Class.create(gamesoup.library.types.BaseType);\n\n/*****************************************************************************/\n/*                             Interface Methods                             */\n/*****************************************************************************/\ngamesoup.library.types.Container.addMethods({\n    \n    /*---------------------------------------->                        Readable\n     * read() : Any\n     * \n     * Read this content of this object.\n     */                                                               /* vVv */\n    read: function() {\n        return this._value;\n    },                                                                /* ^A^ */\n\n    /*---------------------------------------->                        Writable\n     * write(item : Any)\n     * \n     * Write a value to the content of this object.\n     */                                                               /* vVv */\n    write: function(item) {\n        this._value = item;\r\n        this._node.innerHTML = item;\n    }                                                                 /* ^A^ */\n\n});\n\n/*****************************************************************************/\n/*                                Engine Hooks                               */\n/*           These methods are called by the gamesoup match engine.          */\n/*                         Do not call them yourself!                        */\n/*                    They are called in the order shown.                    */\n/*****************************************************************************/\ngamesoup.library.types.Container.addMethods({ \n    \n    /*\n     * Extend the DOM and apply styling.\n     */                                                               /* vVv */\n    render: function() {\n        \n    },                                                                /* ^A^ */\n    \n    /*\n     *\n     */                                                               /* vVv */\n    stateSchema: function() {\n        \n    },                                                                /* ^A^ */\n    \n    /*\n     *\n     */                                                               /* vVv */\n    initialState: function() {\n        \n    },                                                                /* ^A^ */\n    \n    /*\n     * Perform custom initialization.\n     */                                                               /* vVv */\n    register: function() {\n        this._value = \"\";\n    }                                                                 /* ^A^ */\n    \n});\n\n/*****************************************************************************/\n/*                           Implementation Methods                          */\n/*                     Do not use outside of this module!                    */\n/*****************************************************************************/\ngamesoup.library.types.Container.addMethods({\n    // Helper methods go here...\n});", 
            "name": "Container", 
            "visible": true, 
            "has_state": true, 
            "description": "An object that simply contains another object."
        }
    }, 
    {
        "pk": 16, 
        "model": "library.type", 
        "fields": {
            "implements": [], 
            "code": "/*\n * Type: EnterKeyPressed\n * Do something when the enter key is pressed and when a given object has focus.\n */\ngamesoup.library.types.EnterKeyPressed = Class.create(gamesoup.library.types.BaseType);\n\n/*****************************************************************************/\n/*                                 Parameters                                */\n/*****************************************************************************/\n//                                 REFERENCES                                \n// this._action                                                          Action\n// this._focus                                                              Any\n\n\n/*****************************************************************************/\n/*                                Engine Hooks                               */\n/*           These methods are called by the gamesoup match engine.          */\n/*                         Do not call them yourself!                        */\n/*                    They are called in the order shown.                    */\n/*****************************************************************************/\ngamesoup.library.types.EnterKeyPressed.addMethods({ \n    \n    /*\n     * Perform custom initialization.\n     */                                                               /* vVv */\n    register: function() {\n        this._focus.observe('keydown', function(event) {\r\n            if (event.keyCode == Event.KEY_RETURN) {\r\n                this._action.doAction();\r\n            }\r\n        }.bind(this));\n    }                                                                 /* ^A^ */\n    \n});\n\n/*****************************************************************************/\n/*                           Implementation Methods                          */\n/*                     Do not use outside of this module!                    */\n/*****************************************************************************/\ngamesoup.library.types.EnterKeyPressed.addMethods({\n    // Helper methods go here...\n});", 
            "name": "EnterKeyPressed", 
            "visible": false, 
            "has_state": false, 
            "description": "Do something when the enter key is pressed and when a given object has focus."
        }
    }, 
    {
        "pk": 11, 
        "model": "library.type", 
        "fields": {
            "implements": [], 
            "code": "/*\n * Type: GameStarted\n * Connect an action to this object to have it execute at the start of the game.\n */\ngamesoup.library.types.GameStarted = Class.create(gamesoup.library.types.BaseType);\n\n/*****************************************************************************/\n/*                                 Parameters                                */\n/*****************************************************************************/\n//                                 REFERENCES                                \n// this._action                                                          Action\n\n\n/*****************************************************************************/\n/*                                Engine Hooks                               */\n/*           These methods are called by the gamesoup match engine.          */\n/*                         Do not call them yourself!                        */\n/*                    They are called in the order shown.                    */\n/*****************************************************************************/\ngamesoup.library.types.GameStarted.addMethods({ \n    \n    /*\n     * Perform custom initialization.\n     */                                                               /* vVv */\n    register: function() {\n        $('gamesoup-engine').observe('game:start', this._action.doAction.bind(this._action));\n    }                                                                 /* ^A^ */\n    \n});\n\n/*****************************************************************************/\n/*                           Implementation Methods                          */\n/*                     Do not use outside of this module!                    */\n/*****************************************************************************/\ngamesoup.library.types.GameStarted.addMethods({\n    // Helper methods go here...\n});", 
            "name": "GameStarted", 
            "visible": false, 
            "has_state": false, 
            "description": "Connect an action to this object to have it execute at the start of the game."
        }
    }, 
    {
        "pk": 17, 
        "model": "library.type", 
        "fields": {
            "implements": [
                16
            ], 
            "code": "/*\n * Type: GiveFocus\n * Give focus to a target object. After receiving focus, that object will accept input from the keyboard and mouse.\n */\ngamesoup.library.types.GiveFocus = Class.create(gamesoup.library.types.BaseType);\n\n/*****************************************************************************/\n/*                                 Parameters                                */\n/*****************************************************************************/\n//                                 REFERENCES                                \n// this._target                                                       Focusable\n\n\n/*****************************************************************************/\n/*                             Interface Methods                             */\n/*****************************************************************************/\ngamesoup.library.types.GiveFocus.addMethods({\n    \n    /*---------------------------------------->                          Action\n     * doAction()\n     * \n     * Perform the default action of this object.\n     */                                                               /* vVv */\n    doAction: function() {\n        this._target.focus();\n    }                                                                 /* ^A^ */\n\n});\n\n/*****************************************************************************/\n/*                                Engine Hooks                               */\n/*           These methods are called by the gamesoup match engine.          */\n/*                         Do not call them yourself!                        */\n/*                    They are called in the order shown.                    */\n/*****************************************************************************/\ngamesoup.library.types.GiveFocus.addMethods({ \n    \n    /*\n     * Perform custom initialization.\n     */                                                               /* vVv */\n    register: function() {\n        \n    }                                                                 /* ^A^ */\n    \n});\n\n/*****************************************************************************/\n/*                           Implementation Methods                          */\n/*                     Do not use outside of this module!                    */\n/*****************************************************************************/\ngamesoup.library.types.GiveFocus.addMethods({\n    // Helper methods go here...\n});", 
            "name": "GiveFocus", 
            "visible": false, 
            "has_state": false, 
            "description": "Give focus to a target object. After receiving focus, that object will accept input from the keyboard and mouse."
        }
    }, 
    {
        "pk": 8, 
        "model": "library.type", 
        "fields": {
            "implements": [
                7, 
                15
            ], 
            "code": "/*\n * Type: HexagonalGrid\n * A board in which each cell is shaped like a hexagon.\n */\ngamesoup.library.types.HexagonalGrid = Class.create(gamesoup.library.types.BaseType);\n\n/*****************************************************************************/\n/*                                 Parameters                                */\n/*****************************************************************************/\n//                                 BUILT-INS                                 \n// this._radius                                                         Integer\n//                                 FACTORIES                                 \n// this._cellType                   [Readable<item=item> + Writable<item=item>]\n\n\n/*****************************************************************************/\n/*                             Interface Methods                             */\n/*****************************************************************************/\ngamesoup.library.types.HexagonalGrid.addMethods({\n    \n    /*---------------------------------------->                           Board\n     * areAdjacent(a : Any ; b : Any) : Boolean\n     * \n     * Are a and b adjacent?\n     */                                                               /* vVv */\n    areAdjacent: function(a, b) {\n        \n    },                                                                /* ^A^ */\n\n    /*---------------------------------------->                        Iterable\n     * nextInIteration() : Any\n     * \n     * Get the next object in the sequence. When the sequence is over, this should return null.\n     */                                                               /* vVv */\n    nextInIteration: function() {\n        \n    },                                                                /* ^A^ */\n\n    /*---------------------------------------->                        Iterable\n     * resetIteration()\n     * \n     * Reset the iteraction. The next call to nextInIteration should be the first in the sequence.\n     */                                                               /* vVv */\n    resetIteration: function() {\n        \n    }                                                                 /* ^A^ */\n\n});\n\n/*****************************************************************************/\n/*                                Engine Hooks                               */\n/*           These methods are called by the gamesoup match engine.          */\n/*                         Do not call them yourself!                        */\n/*                    They are called in the order shown.                    */\n/*****************************************************************************/\ngamesoup.library.types.HexagonalGrid.addMethods({ \n    \n    /*\n     * Extend the DOM and apply styling.\n     */                                                               /* vVv */\n    render: function() {\n        \n    },                                                                /* ^A^ */\n    \n    /*\n     *\n     */                                                               /* vVv */\n    stateSchema: function() {\n        \n    },                                                                /* ^A^ */\n    \n    /*\n     *\n     */                                                               /* vVv */\n    initialState: function() {\n        \n    },                                                                /* ^A^ */\n    \n    /*\n     * Perform custom initialization.\n     */                                                               /* vVv */\n    register: function() {\n        \n    }                                                                 /* ^A^ */\n    \n});\n\n/*****************************************************************************/\n/*                           Implementation Methods                          */\n/*                     Do not use outside of this module!                    */\n/*****************************************************************************/\ngamesoup.library.types.HexagonalGrid.addMethods({\n    // Helper methods go here...\n});", 
            "name": "HexagonalGrid", 
            "visible": true, 
            "has_state": true, 
            "description": "A board in which each cell is shaped like a hexagon."
        }
    }, 
    {
        "pk": 12, 
        "model": "library.type", 
        "fields": {
            "implements": [
                16
            ], 
            "code": "/*\n * Type: InitializeCollectionWithDistribution\n * For each writable cell in a collection, provide a newly instantiated object from a random distribution.\n */\ngamesoup.library.types.InitializeCollectionWithDistribution = Class.create(gamesoup.library.types.BaseType);\n\n/*****************************************************************************/\n/*                                 Parameters                                */\n/*****************************************************************************/\n//                                 REFERENCES                                \n// this._collection                          Iterable<item=Writable<item=item>>\n// this._distribution                                   Distribution<item=item>\n\n\n/*****************************************************************************/\n/*                             Interface Methods                             */\n/*****************************************************************************/\ngamesoup.library.types.InitializeCollectionWithDistribution.addMethods({\n    \n    /*---------------------------------------->                          Action\n     * doAction()\n     * \n     * Perform the default action of this object.\n     */                                                               /* vVv */\n    doAction: function() {\n        this._collection.resetIteration();\r\n        var writableObj = this._collection.nextInIteration()\r\n        while (writableObj) {\r\n            var item = this._distribution.getRandomObject();\r\n            writableObj.write(item);\r\n            writableObj = this._collection.nextInIteration();\r\n        }\n    }                                                                 /* ^A^ */\n\n});\n\n/*****************************************************************************/\n/*                                Engine Hooks                               */\n/*           These methods are called by the gamesoup match engine.          */\n/*                         Do not call them yourself!                        */\n/*                    They are called in the order shown.                    */\n/*****************************************************************************/\ngamesoup.library.types.InitializeCollectionWithDistribution.addMethods({ \n    \n    /*\n     * Perform custom initialization.\n     */                                                               /* vVv */\n    register: function() {\n        \n    }                                                                 /* ^A^ */\n    \n});\n\n/*****************************************************************************/\n/*                           Implementation Methods                          */\n/*                     Do not use outside of this module!                    */\n/*****************************************************************************/\ngamesoup.library.types.InitializeCollectionWithDistribution.addMethods({\n    // Helper methods go here...\n});", 
            "name": "InitializeCollectionWithDistribution", 
            "visible": false, 
            "has_state": false, 
            "description": "For each writable cell in a collection, provide a newly instantiated object from a random distribution."
        }
    }, 
    {
        "pk": 2, 
        "model": "library.type", 
        "fields": {
            "implements": [], 
            "code": "/*\n * Type: Label\n * A simple way to place text on the screen. The value never changes throughout the game.\n */\ngamesoup.library.types.Label = Class.create(gamesoup.library.types.BaseType);\n\n/*****************************************************************************/\n/*                                 Parameters                                */\n/*****************************************************************************/\n//                                 BUILT-INS                                 \n// this._value                                                           String\n\n/*****************************************************************************/\n/*                                Engine Hooks                               */\n/*           These methods are called by the gamesoup match engine.          */\n/*                         Do not call them yourself!                        */\n/*                    They are called in the order shown.                    */\n/*****************************************************************************/\ngamesoup.library.types.Label.addMethods({ \n    \n    /*\n     * Extend the DOM and apply styling.\n     */                                                               /* vVv */\n    render: function() {\n        t = new Template('<div class=\"label\" style=\"font-size: #{size}px\">#{value}</div>');\r\n        var s = (this._width / this._value.length * 1.5).round();\r\n        s = s > this._height / 2 ? (this._height / 2).round() : s;\r\n        this._node.insert({bottom: t.evaluate({value: this._value, size: s})});\n    },                                                                /* ^A^ */\n    \n    /*\n     * Perform custom initialization.\n     */                                                               /* vVv */\n    register: function() {\n        \n    }                                                                 /* ^A^ */\n    \n});\n\n/*****************************************************************************/\n/*                           Implementation Methods                          */\n/*                     Do not use outside of this module!                    */\n/*****************************************************************************/\ngamesoup.library.types.Label.addMethods({\n    // Helper methods go here...\n});", 
            "name": "Label", 
            "visible": true, 
            "has_state": false, 
            "description": "A simple way to place text on the screen. The value never changes throughout the game."
        }
    }, 
    {
        "pk": 4, 
        "model": "library.type", 
        "fields": {
            "implements": [
                15, 
                11, 
                3, 
                12
            ], 
            "code": "/*\n * Type: List\n * A vertical sequence of items that can be updated during the game.\n */\ngamesoup.library.types.List = Class.create(gamesoup.library.types.BaseType);\n\n/*****************************************************************************/\n/*                             Interface Methods                             */\n/*****************************************************************************/\ngamesoup.library.types.List.addMethods({\n    \n    /*---------------------------------------->                        Iterable\n     * nextInIteration() : Any\n     * \n     * Get the next object in the sequence. When the sequence is over, this should return null.\n     */                                                               /* vVv */\n    nextInIteration: function() {\n        var item = this._items[this._iteratorIndex];\r\n        this._iteratorIndex++;\r\n        return item;\n    },                                                                /* ^A^ */\n\n    /*---------------------------------------->                           Stack\n     * pop() : Any\n     * \n     * Remove the object at the top of the stack and return it.\n     */                                                               /* vVv */\n    pop: function() {\n        this._listNode.select('li').first().remove();\r\n        return this._items.pop();\n    },                                                                /* ^A^ */\n\n    /*---------------------------------------->                           Stack\n     * push(item : Any)\n     * \n     * Push an object on top of the stack.\n     */                                                               /* vVv */\n    push: function(item) {\n        this._listNode.insert(this._listItemTemplate.evaluate({item: item}));\r\n        this._items.push(item);\n    },                                                                /* ^A^ */\n\n    /*---------------------------------------->                        Readable\n     * read() : Any\n     * \n     * Read this content of this object.\n     */                                                               /* vVv */\n    read: function() {\n        return this._items.first();\n    },                                                                /* ^A^ */\n\n    /*---------------------------------------->                        Iterable\n     * resetIteration()\n     * \n     * Reset the iteraction. The next call to nextInIteration should be the first in the sequence.\n     */                                                               /* vVv */\n    resetIteration: function() {\n        this._iteratorIndex = 0;\n    },                                                                /* ^A^ */\n\n    /*---------------------------------------->                        Writable\n     * write(item : Any)\n     * \n     * Write a value to the content of this object.\n     */                                                               /* vVv */\n    write: function(item) {\n        this.push(item);\n    }                                                                 /* ^A^ */\n\n});\n\n/*****************************************************************************/\n/*                                Engine Hooks                               */\n/*           These methods are called by the gamesoup match engine.          */\n/*                         Do not call them yourself!                        */\n/*                    They are called in the order shown.                    */\n/*****************************************************************************/\ngamesoup.library.types.List.addMethods({ \n    \n    /*\n     * Extend the DOM and apply styling.\n     */                                                               /* vVv */\n    render: function() {\n        this._node.insert({bottom: '<ul class=\"box list inner-container\"></ul>'});\r\n        this._listNode = this._node.down('.list');\n    },                                                                /* ^A^ */\n    \n    /*\n     *\n     */                                                               /* vVv */\n    stateSchema: function() {\n        \n    },                                                                /* ^A^ */\n    \n    /*\n     *\n     */                                                               /* vVv */\n    initialState: function() {\n        \n    },                                                                /* ^A^ */\n    \n    /*\n     * Perform custom initialization.\n     */                                                               /* vVv */\n    register: function() {\n        this._listItemTemplate = new Template('<li>#{item}</li>');\r\n        this._items = $A();\r\n        this.resetIteration();\n    }                                                                 /* ^A^ */\n    \n});\n\n/*****************************************************************************/\n/*                           Implementation Methods                          */\n/*                     Do not use outside of this module!                    */\n/*****************************************************************************/\ngamesoup.library.types.List.addMethods({\n    // Helper methods go here...\n});", 
            "name": "List", 
            "visible": true, 
            "has_state": true, 
            "description": "A vertical sequence of items that can be updated during the game."
        }
    }, 
    {
        "pk": 13, 
        "model": "library.type", 
        "fields": {
            "implements": [
                21
            ], 
            "code": "/*\n * Type: RandomEnglishLetters\n * Distribution over the Latin alphabet. Generates letters in the frequency in which they occur in the English language.\n */\ngamesoup.library.types.RandomEnglishLetters = Class.create(gamesoup.library.types.BaseType);\n\n/*****************************************************************************/\n/*                             Interface Methods                             */\n/*****************************************************************************/\ngamesoup.library.types.RandomEnglishLetters.addMethods({\n    \n    /*---------------------------------------->                    Distribution\n     * getRandomObject() : String\n     * \n     * Return a random object from a distribution\n     */                                                               /* vVv */\n    getRandomObject: function() {\n        return this._letters[(Math.random() * this._letters.length).floor()];\n    }                                                                 /* ^A^ */\n\n});\n\n/*****************************************************************************/\n/*                                Engine Hooks                               */\n/*           These methods are called by the gamesoup match engine.          */\n/*                         Do not call them yourself!                        */\n/*                    They are called in the order shown.                    */\n/*****************************************************************************/\ngamesoup.library.types.RandomEnglishLetters.addMethods({ \n    \n    /*\n     * Perform custom initialization.\n     */                                                               /* vVv */\n    register: function() {\n        this._letters = \"\";\r\n        var freqs = [82,15,28,43,127,22,20,61,70,2,8,40,24,67,75,19,1,60,63,91,28,10,24,2,20,1];\r\n        freqs.zip(\"ABCDEFGHIJKLMNOPQRSTUVWXYZ\".toArray()).each(function(item) {\r\n            var freq = item[0];\r\n            var letter = item[1];\r\n            this._letters += letter.times(freq);\r\n        }.bind(this));\n    }                                                                 /* ^A^ */\n    \n});\n\n/*****************************************************************************/\n/*                           Implementation Methods                          */\n/*                     Do not use outside of this module!                    */\n/*****************************************************************************/\ngamesoup.library.types.RandomEnglishLetters.addMethods({\n    // Helper methods go here...\n});", 
            "name": "RandomEnglishLetters", 
            "visible": false, 
            "has_state": false, 
            "description": "Distribution over the Latin alphabet. Generates letters in the frequency in which they occur in the English language."
        }
    }, 
    {
        "pk": 10, 
        "model": "library.type", 
        "fields": {
            "implements": [
                16
            ], 
            "code": "/*\n * Type: SayHello\n * A simple object that just opens an alert box with a message. This object is useful during game design as a simple test that an action is getting triggered.\n */\ngamesoup.library.types.SayHello = Class.create(gamesoup.library.types.BaseType);\n\n/*****************************************************************************/\n/*                                 Parameters                                */\n/*****************************************************************************/\n//                                 BUILT-INS                                 \n// this._message                                                         String\n\n/*****************************************************************************/\n/*                             Interface Methods                             */\n/*****************************************************************************/\ngamesoup.library.types.SayHello.addMethods({\n    \n    /*---------------------------------------->                          Action\n     * doAction()\n     * \n     * Perform the default action of this object.\n     */                                                               /* vVv */\n    doAction: function() {\n        alert(this._message);\n    }                                                                 /* ^A^ */\n\n});\n\n/*****************************************************************************/\n/*                                Engine Hooks                               */\n/*           These methods are called by the gamesoup match engine.          */\n/*                         Do not call them yourself!                        */\n/*                    They are called in the order shown.                    */\n/*****************************************************************************/\ngamesoup.library.types.SayHello.addMethods({ \n    \n    /*\n     * Perform custom initialization.\n     */                                                               /* vVv */\n    register: function() {\n        \n    }                                                                 /* ^A^ */\n    \n});\n\n/*****************************************************************************/\n/*                           Implementation Methods                          */\n/*                     Do not use outside of this module!                    */\n/*****************************************************************************/\ngamesoup.library.types.SayHello.addMethods({\n    // Helper methods go here...\n});", 
            "name": "SayHello", 
            "visible": false, 
            "has_state": false, 
            "description": "A simple object that just opens an alert box with a message. This object is useful during game design as a simple test that an action is getting triggered."
        }
    }, 
    {
        "pk": 7, 
        "model": "library.type", 
        "fields": {
            "implements": [
                7, 
                15
            ], 
            "code": "/*\n * Type: SquareGrid\n * A board arranged in rows and columns.\n */\ngamesoup.library.types.SquareGrid = Class.create(gamesoup.library.types.BaseType);\n\n/*****************************************************************************/\n/*                                 Parameters                                */\n/*****************************************************************************/\n//                                 BUILT-INS                                 \n// this._colCount                                                       Integer\n// this._rowCount                                                       Integer\n//                                 FACTORIES                                 \n// this._cellType                   [Readable<item=item> + Writable<item=item>]\n\n\n/*****************************************************************************/\n/*                             Interface Methods                             */\n/*****************************************************************************/\ngamesoup.library.types.SquareGrid.addMethods({\n    \n    /*---------------------------------------->                           Board\n     * areAdjacent(a : [Readable<item=Any> + Writable<item=Any>] ; b : [Readable<item=Any> + Writable<item=Any>]) : Boolean\n     * \n     * Are a and b adjacent?\n     */                                                               /* vVv */\n    areAdjacent: function(a, b) {\n        \n    },                                                                /* ^A^ */\n\n    /*---------------------------------------->                        Iterable\n     * nextInIteration() : Any\n     * \n     * Get the next object in the sequence. When the sequence is over, this should return null.\n     */                                                               /* vVv */\n    nextInIteration: function() {\n        var cell = this._cells[this._iteratorIndex];\n        this._iteratorIndex++;\n        return cell;\n    },                                                                /* ^A^ */\n\n    /*---------------------------------------->                        Iterable\n     * resetIteration()\n     * \n     * Reset the iteraction. The next call to nextInIteration should be the first in the sequence.\n     */                                                               /* vVv */\n    resetIteration: function() {\n        this._iteratorIndex = 0;\n    }                                                                 /* ^A^ */\n\n});\n\n/*****************************************************************************/\n/*                                Engine Hooks                               */\n/*           These methods are called by the gamesoup match engine.          */\n/*                         Do not call them yourself!                        */\n/*                    They are called in the order shown.                    */\n/*****************************************************************************/\ngamesoup.library.types.SquareGrid.addMethods({ \n    \n    /*\n     * Extend the DOM and apply styling.\n     */                                                               /* vVv */\n    render: function() {\n        this._node.insert({bottom: '<div class=\"inner-container\"></div>'});\n        var container = this._node.down('.inner-container');\n        var t = new Template('<div class=\"col-#{i} row-#{j} cell\" style=\"position: absolute; left: #{left}px; top: #{top}px; width: #{width}px; height: #{height}px;\"></div>')\n        var c = {\n            left: 0,\n            top: 0,\n            width: (this._width / this._colCount).round() - 2,\n            height: (this._height / this._rowCount).round() - 2\n        };\n        for (c.i=0; c.i<this._colCount; c.i++) {\n            c.top = 0;\n            for (c.j=0; c.j<this._rowCount; c.j++) {\n                container.insert({bottom: t.evaluate(c)});\n                c.top += c.height + 2;\n            }\n            c.left += c.width + 2;\n        }\n    },                                                                /* ^A^ */\n    \n    /*\n     *\n     */                                                               /* vVv */\n    stateSchema: function() {\n        \n    },                                                                /* ^A^ */\n    \n    /*\n     *\n     */                                                               /* vVv */\n    initialState: function() {\n        \n    },                                                                /* ^A^ */\n    \n    /*\n     * Perform custom initialization.\n     */                                                               /* vVv */\n    register: function() {\n        this._createCells();\n        this.resetIteration();\n    }                                                                 /* ^A^ */\n    \n});\n\n/*****************************************************************************/\n/*                           Implementation Methods                          */\n/*                     Do not use outside of this module!                    */\n/*****************************************************************************/\ngamesoup.library.types.SquareGrid.addMethods({\n    _createCells: function() {\n        this._cells = $A();\n        var selectorTemplate = new Template(\".col-#{i}.row-#{j}\");\n        var cellIDTemplate = new Template(\"#{id}-cell-#{i}-#{j}\");\n        var c = {id: this._id};\n        for (c.i=0; c.i<this._colCount; c.i++) {\n            for (c.j=0; c.j<this._rowCount; c.j++) {\n                var cellContainerNode = this._node.down(selectorTemplate.evaluate(c));\n                var cell = this._instantiateCell(cellIDTemplate.evaluate(c));\n                cellContainerNode.insert({bottom: cell.getNode()});\n                this._cells.push(cell);\n            }\n        }        \n    },\n    _instantiateCell: function(cellID) {\n        var cell = new this._cellType(cellID);\n        cell.createDOM();\n        if (cell.isVisible()) {\n            cell.render();            \n        }\n        cell.register();\n        return cell;        \n    }\n});", 
            "name": "SquareGrid", 
            "visible": true, 
            "has_state": true, 
            "description": "A board arranged in rows and columns."
        }
    }, 
    {
        "pk": 1, 
        "model": "library.type", 
        "fields": {
            "implements": [
                24, 
                23, 
                11, 
                12
            ], 
            "code": "/*\n * Type: TextInput\n * For entering text.\n */\ngamesoup.library.types.TextInput = Class.create(gamesoup.library.types.BaseType);\n\n/*****************************************************************************/\n/*                             Interface Methods                             */\n/*****************************************************************************/\ngamesoup.library.types.TextInput.addMethods({\n    \n    /*---------------------------------------->                       Clearable\n     * clear()\n     * \n     * Clear the content of this object.\n     */                                                               /* vVv */\n    clear: function() {\n        this._inputNode.setValue('');\n    },                                                                /* ^A^ */\n\n    /*---------------------------------------->                       Focusable\n     * focus()\n     * \n     * Give focus to the object. Input messages from the keyboard and mouse will go directly to this object after focus is called.\n     */                                                               /* vVv */\n    focus: function() {\n        this._inputNode.focus();\n    },                                                                /* ^A^ */\n\n    /*---------------------------------------->                        Readable\n     * read() : String\n     * \n     * Read this content of this object.\n     */                                                               /* vVv */\n    read: function() {\n        return this._inputNode.getValue();\n    },                                                                /* ^A^ */\n\n    /*---------------------------------------->                        Writable\n     * write(item : String)\n     * \n     * Write a value to the content of this object.\n     */                                                               /* vVv */\n    write: function(item) {\n        this._inputNode.setValue(item);\n    }                                                                 /* ^A^ */\n\n});\n\n/*****************************************************************************/\n/*                                Engine Hooks                               */\n/*           These methods are called by the gamesoup match engine.          */\n/*                         Do not call them yourself!                        */\n/*                    They are called in the order shown.                    */\n/*****************************************************************************/\ngamesoup.library.types.TextInput.addMethods({ \n    \n    /*\n     * Extend the DOM and apply styling.\n     */                                                               /* vVv */\n    render: function() {\n        t = new Template('<input type=\"text\" style=\"width: 100%; height: 100%; font-size: #{size}px\" />');\r\n        var s = (this._height / 2).round();\r\n        this._node.insert({bottom: t.evaluate({size: s})});\r\n        this._inputNode = this._node.down('input[type=text]');\n    },                                                                /* ^A^ */\n    \n    /*\n     * Perform custom initialization.\n     */                                                               /* vVv */\n    register: function() {\n        \n    }                                                                 /* ^A^ */\n    \n});\n\n/*****************************************************************************/\n/*                           Implementation Methods                          */\n/*                     Do not use outside of this module!                    */\n/*****************************************************************************/\ngamesoup.library.types.TextInput.addMethods({\n    // Helper methods go here...\n});", 
            "name": "TextInput", 
            "visible": true, 
            "has_state": false, 
            "description": "For entering text."
        }
    }, 
    {
        "pk": 6, 
        "model": "library.type", 
        "fields": {
            "implements": [
                16
            ], 
            "code": "/*\n * Type: TransferIf\n * Action that reads a string from a source and if it is ok, sends it to a receiver. The source is cleared.\n */\ngamesoup.library.types.TransferIf = Class.create(gamesoup.library.types.BaseType);\n\n/*****************************************************************************/\n/*                                 Parameters                                */\n/*****************************************************************************/\n//                                 REFERENCES                                \n// this._destination                                        Writable<item=item>\n// this._source                                             Readable<item=item>\n// this._validator                                                    Predicate\n\n\n/*****************************************************************************/\n/*                             Interface Methods                             */\n/*****************************************************************************/\ngamesoup.library.types.TransferIf.addMethods({\n    \n    /*---------------------------------------->                          Action\n     * doAction()\n     * \n     * Perform the default action of this object.\n     */                                                               /* vVv */\n    doAction: function() {\n        if (this._validator.call()) {\r\n            // Success\r\n            var item = this._source.read();\r\n            this._destination.write(item);\r\n        } else {\r\n            // Failure\r\n            gamesoup.matches.messageBoard.postLocally(this._validator.reason());\r\n        }\r\n        // Need support for multiple interfaces on parameters.\r\n        // this._source.clear();\n    }                                                                 /* ^A^ */\n\n});\n\n/*****************************************************************************/\n/*                                Engine Hooks                               */\n/*           These methods are called by the gamesoup match engine.          */\n/*                         Do not call them yourself!                        */\n/*                    They are called in the order shown.                    */\n/*****************************************************************************/\ngamesoup.library.types.TransferIf.addMethods({ \n    \n    /*\n     * Perform custom initialization.\n     */                                                               /* vVv */\n    register: function() {\n        \n    }                                                                 /* ^A^ */\n    \n});\n\n/*****************************************************************************/\n/*                           Implementation Methods                          */\n/*                     Do not use outside of this module!                    */\n/*****************************************************************************/\ngamesoup.library.types.TransferIf.addMethods({\n    // Helper methods go here...\n});", 
            "name": "TransferIf", 
            "visible": false, 
            "has_state": false, 
            "description": "Action that reads a string from a source and if it is ok, sends it to a receiver. The source is cleared."
        }
    }, 
    {
        "pk": 9, 
        "model": "library.type", 
        "fields": {
            "implements": [
                17
            ], 
            "code": "/*\n * Type: WordOnBoardPath\n * Give a word, can a sequence of adjacent cells be found on a board where letters on those cells spell out the word?\n */\ngamesoup.library.types.WordOnBoardPath = Class.create(gamesoup.library.types.BaseType);\n\n/*****************************************************************************/\n/*                                 Parameters                                */\n/*****************************************************************************/\n//                                 REFERENCES                                \n// this._board                                               Board<item=String>\n// this._word                                             Readable<item=String>\n\n\n/*****************************************************************************/\n/*                             Interface Methods                             */\n/*****************************************************************************/\ngamesoup.library.types.WordOnBoardPath.addMethods({\n    \n    /*---------------------------------------->                       Predicate\n     * call() : Boolean\n     * \n     * What is the truth value of this predicate object?\n     */                                                               /* vVv */\n    call: function() {\n        var c = {};\n        c.word = this._word.read();\n        if (c.word.length == 0) {\n            this._lastReason = \"Please type your word in.\";\n        } else {\n            this._lastReason = this._failReason.evaluate(c);            \n        }\n        return false;\n    },                                                                /* ^A^ */\n\n    /*---------------------------------------->                       Predicate\n     * reason() : String\n     * \n     * What was the reason for the last answer this predicate gave?\n     */                                                               /* vVv */\n    reason: function() {\n        return this._lastReason;\n    }                                                                 /* ^A^ */\n\n});\n\n/*****************************************************************************/\n/*                                Engine Hooks                               */\n/*           These methods are called by the gamesoup match engine.          */\n/*                         Do not call them yourself!                        */\n/*                    They are called in the order shown.                    */\n/*****************************************************************************/\ngamesoup.library.types.WordOnBoardPath.addMethods({ \n    \n    /*\n     * Perform custom initialization.\n     */                                                               /* vVv */\n    register: function() {\n        this._failReason = new Template(\"The word '#{word}' was not on the board\");\n        this._successReason = new Template(\"The word '#{word}' was found!\");\n        this._lastReason = \"\";\n    }                                                                 /* ^A^ */\n    \n});\n\n/*****************************************************************************/\n/*                           Implementation Methods                          */\n/*                     Do not use outside of this module!                    */\n/*****************************************************************************/\ngamesoup.library.types.WordOnBoardPath.addMethods({\n    // Helper methods go here...\n});", 
            "name": "WordOnBoardPath", 
            "visible": false, 
            "has_state": false, 
            "description": "Give a word, can a sequence of adjacent cells be found on a board where letters on those cells spell out the word?"
        }
    }, 
    {
        "pk": 1, 
        "model": "library.typeparameter", 
        "fields": {
            "name": "a", 
            "interfaces": [
                16
            ], 
            "expression_text": "[Action]", 
            "is_built_in": false, 
            "is_factory": false, 
            "of_type": 18
        }
    }, 
    {
        "pk": 3, 
        "model": "library.typeparameter", 
        "fields": {
            "name": "action", 
            "interfaces": [
                16
            ], 
            "expression_text": "[Action]", 
            "is_built_in": false, 
            "is_factory": false, 
            "of_type": 5
        }
    }, 
    {
        "pk": 5, 
        "model": "library.typeparameter", 
        "fields": {
            "name": "action", 
            "interfaces": [
                16
            ], 
            "expression_text": "[Action]", 
            "is_built_in": false, 
            "is_factory": false, 
            "of_type": 16
        }
    }, 
    {
        "pk": 7, 
        "model": "library.typeparameter", 
        "fields": {
            "name": "action", 
            "interfaces": [
                16
            ], 
            "expression_text": "[Action]", 
            "is_built_in": false, 
            "is_factory": false, 
            "of_type": 11
        }
    }, 
    {
        "pk": 2, 
        "model": "library.typeparameter", 
        "fields": {
            "name": "b", 
            "interfaces": [
                16
            ], 
            "expression_text": "[Action]", 
            "is_built_in": false, 
            "is_factory": false, 
            "of_type": 18
        }
    }, 
    {
        "pk": 19, 
        "model": "library.typeparameter", 
        "fields": {
            "name": "board", 
            "interfaces": [
                7
            ], 
            "expression_text": "[Board<item=String!>]", 
            "is_built_in": false, 
            "is_factory": false, 
            "of_type": 9
        }
    }, 
    {
        "pk": 22, 
        "model": "library.typeparameter", 
        "fields": {
            "name": "cellType", 
            "interfaces": [
                11, 
                12
            ], 
            "expression_text": "[Readable<item=[item]> + Writable<item=[item]>]", 
            "is_built_in": false, 
            "is_factory": true, 
            "of_type": 7
        }
    }, 
    {
        "pk": 23, 
        "model": "library.typeparameter", 
        "fields": {
            "name": "cellType", 
            "interfaces": [
                11, 
                12
            ], 
            "expression_text": "[Readable<item=[item]> + Writable<item=[item]>]", 
            "is_built_in": false, 
            "is_factory": true, 
            "of_type": 8
        }
    }, 
    {
        "pk": 14, 
        "model": "library.typeparameter", 
        "fields": {
            "name": "colCount", 
            "interfaces": [], 
            "expression_text": "Integer!", 
            "is_built_in": false, 
            "is_factory": false, 
            "of_type": 7
        }
    }, 
    {
        "pk": 10, 
        "model": "library.typeparameter", 
        "fields": {
            "name": "collection", 
            "interfaces": [
                15
            ], 
            "expression_text": "[Iterable<item=[Writable<item=[item]>]>]", 
            "is_built_in": false, 
            "is_factory": false, 
            "of_type": 12
        }
    }, 
    {
        "pk": 16, 
        "model": "library.typeparameter", 
        "fields": {
            "name": "destination", 
            "interfaces": [
                12
            ], 
            "expression_text": "[Writable<item=[item]>]", 
            "is_built_in": false, 
            "is_factory": false, 
            "of_type": 6
        }
    }, 
    {
        "pk": 11, 
        "model": "library.typeparameter", 
        "fields": {
            "name": "distribution", 
            "interfaces": [
                21
            ], 
            "expression_text": "[Distribution<over=[item]>]", 
            "is_built_in": false, 
            "is_factory": false, 
            "of_type": 12
        }
    }, 
    {
        "pk": 6, 
        "model": "library.typeparameter", 
        "fields": {
            "name": "focus", 
            "interfaces": [], 
            "expression_text": "[]", 
            "is_built_in": false, 
            "is_factory": false, 
            "of_type": 16
        }
    }, 
    {
        "pk": 4, 
        "model": "library.typeparameter", 
        "fields": {
            "name": "label", 
            "interfaces": [], 
            "expression_text": "String!", 
            "is_built_in": false, 
            "is_factory": false, 
            "of_type": 5
        }
    }, 
    {
        "pk": 13, 
        "model": "library.typeparameter", 
        "fields": {
            "name": "message", 
            "interfaces": [], 
            "expression_text": "String!", 
            "is_built_in": false, 
            "is_factory": false, 
            "of_type": 10
        }
    }, 
    {
        "pk": 21, 
        "model": "library.typeparameter", 
        "fields": {
            "name": "object", 
            "interfaces": [
                24
            ], 
            "expression_text": "[Clearable]", 
            "is_built_in": false, 
            "is_factory": false, 
            "of_type": 19
        }
    }, 
    {
        "pk": 9, 
        "model": "library.typeparameter", 
        "fields": {
            "name": "radius", 
            "interfaces": [], 
            "expression_text": "Integer!", 
            "is_built_in": false, 
            "is_factory": false, 
            "of_type": 8
        }
    }, 
    {
        "pk": 15, 
        "model": "library.typeparameter", 
        "fields": {
            "name": "rowCount", 
            "interfaces": [], 
            "expression_text": "Integer!", 
            "is_built_in": false, 
            "is_factory": false, 
            "of_type": 7
        }
    }, 
    {
        "pk": 17, 
        "model": "library.typeparameter", 
        "fields": {
            "name": "source", 
            "interfaces": [
                11
            ], 
            "expression_text": "[Readable<item=[item]>]", 
            "is_built_in": false, 
            "is_factory": false, 
            "of_type": 6
        }
    }, 
    {
        "pk": 8, 
        "model": "library.typeparameter", 
        "fields": {
            "name": "target", 
            "interfaces": [
                23
            ], 
            "expression_text": "[Focusable]", 
            "is_built_in": false, 
            "is_factory": false, 
            "of_type": 17
        }
    }, 
    {
        "pk": 18, 
        "model": "library.typeparameter", 
        "fields": {
            "name": "validator", 
            "interfaces": [
                17
            ], 
            "expression_text": "[Predicate]", 
            "is_built_in": false, 
            "is_factory": false, 
            "of_type": 6
        }
    }, 
    {
        "pk": 12, 
        "model": "library.typeparameter", 
        "fields": {
            "name": "value", 
            "interfaces": [], 
            "expression_text": "String!", 
            "is_built_in": false, 
            "is_factory": false, 
            "of_type": 2
        }
    }, 
    {
        "pk": 20, 
        "model": "library.typeparameter", 
        "fields": {
            "name": "word", 
            "interfaces": [
                11
            ], 
            "expression_text": "[Readable<item=String!>]", 
            "is_built_in": false, 
            "is_factory": false, 
            "of_type": 9
        }
    }, 
    {
        "pk": 1, 
        "model": "library.methodparameter", 
        "fields": {
            "interfaces": [], 
            "is_built_in": false, 
            "of_method": 5, 
            "name": "a", 
            "expression_text": "[cell]"
        }
    }, 
    {
        "pk": 2, 
        "model": "library.methodparameter", 
        "fields": {
            "interfaces": [], 
            "is_built_in": false, 
            "of_method": 5, 
            "name": "b", 
            "expression_text": "[cell]"
        }
    }, 
    {
        "pk": 3, 
        "model": "library.methodparameter", 
        "fields": {
            "interfaces": [], 
            "is_built_in": false, 
            "of_method": 9, 
            "name": "item", 
            "expression_text": "[item]"
        }
    }, 
    {
        "pk": 4, 
        "model": "library.methodparameter", 
        "fields": {
            "interfaces": [], 
            "is_built_in": false, 
            "of_method": 8, 
            "name": "item", 
            "expression_text": "[item]"
        }
    }, 
    {
        "pk": 7, 
        "model": "library.interfacetemplateparameter", 
        "fields": {
            "of_interface": 7, 
            "name": "cell", 
            "expression_text": "[]"
        }
    }, 
    {
        "pk": 1, 
        "model": "library.interfacetemplateparameter", 
        "fields": {
            "of_interface": 10, 
            "name": "item", 
            "expression_text": "[]"
        }
    }, 
    {
        "pk": 2, 
        "model": "library.interfacetemplateparameter", 
        "fields": {
            "of_interface": 15, 
            "name": "item", 
            "expression_text": "[]"
        }
    }, 
    {
        "pk": 4, 
        "model": "library.interfacetemplateparameter", 
        "fields": {
            "of_interface": 11, 
            "name": "item", 
            "expression_text": "[]"
        }
    }, 
    {
        "pk": 5, 
        "model": "library.interfacetemplateparameter", 
        "fields": {
            "of_interface": 3, 
            "name": "item", 
            "expression_text": "[]"
        }
    }, 
    {
        "pk": 6, 
        "model": "library.interfacetemplateparameter", 
        "fields": {
            "of_interface": 12, 
            "name": "item", 
            "expression_text": "[]"
        }
    }, 
    {
        "pk": 8, 
        "model": "library.interfacetemplateparameter", 
        "fields": {
            "of_interface": 21, 
            "name": "over", 
            "expression_text": "[]"
        }
    }, 
    {
        "pk": 2, 
        "model": "library.typetemplateparameter", 
        "fields": {
            "of_type": 4, 
            "name": "item", 
            "expression_text": "[]"
        }
    }, 
    {
        "pk": 3, 
        "model": "library.typetemplateparameter", 
        "fields": {
            "of_type": 8, 
            "name": "item", 
            "expression_text": "[]"
        }
    }, 
    {
        "pk": 5, 
        "model": "library.typetemplateparameter", 
        "fields": {
            "of_type": 3, 
            "name": "item", 
            "expression_text": "[]"
        }
    }, 
    {
        "pk": 7, 
        "model": "library.typetemplateparameter", 
        "fields": {
            "of_type": 7, 
            "name": "item", 
            "expression_text": "[]"
        }
    }, 
    {
        "pk": 8, 
        "model": "library.typetemplateparameter", 
        "fields": {
            "of_type": 6, 
            "name": "item", 
            "expression_text": "[]"
        }
    }, 
    {
        "pk": 9, 
        "model": "library.typetemplateparameter", 
        "fields": {
            "of_type": 12, 
            "name": "item", 
            "expression_text": "[]"
        }
    }, 
    {
        "pk": 1, 
        "model": "library.interfacetemplateparameterbinding", 
        "fields": {
            "parameter": 4, 
            "type": 1, 
            "expression_text": "String!"
        }
    }, 
    {
        "pk": 2, 
        "model": "library.interfacetemplateparameterbinding", 
        "fields": {
            "parameter": 6, 
            "type": 1, 
            "expression_text": "String!"
        }
    }, 
    {
        "pk": 4, 
        "model": "library.interfacetemplateparameterbinding", 
        "fields": {
            "parameter": 5, 
            "type": 4, 
            "expression_text": "[item]"
        }
    }, 
    {
        "pk": 5, 
        "model": "library.interfacetemplateparameterbinding", 
        "fields": {
            "parameter": 2, 
            "type": 4, 
            "expression_text": "[item]"
        }
    }, 
    {
        "pk": 7, 
        "model": "library.interfacetemplateparameterbinding", 
        "fields": {
            "parameter": 2, 
            "type": 8, 
            "expression_text": "[item]"
        }
    }, 
    {
        "pk": 10, 
        "model": "library.interfacetemplateparameterbinding", 
        "fields": {
            "parameter": 4, 
            "type": 3, 
            "expression_text": "[item]"
        }
    }, 
    {
        "pk": 11, 
        "model": "library.interfacetemplateparameterbinding", 
        "fields": {
            "parameter": 6, 
            "type": 3, 
            "expression_text": "[item]"
        }
    }, 
    {
        "pk": 13, 
        "model": "library.interfacetemplateparameterbinding", 
        "fields": {
            "parameter": 4, 
            "type": 4, 
            "expression_text": "[item]"
        }
    }, 
    {
        "pk": 14, 
        "model": "library.interfacetemplateparameterbinding", 
        "fields": {
            "parameter": 6, 
            "type": 4, 
            "expression_text": "[item]"
        }
    }, 
    {
        "pk": 16, 
        "model": "library.interfacetemplateparameterbinding", 
        "fields": {
            "parameter": 8, 
            "type": 13, 
            "expression_text": "String!"
        }
    }, 
    {
        "pk": 18, 
        "model": "library.interfacetemplateparameterbinding", 
        "fields": {
            "parameter": 2, 
            "type": 7, 
            "expression_text": "[Readable<item=[item]> + Writable<item=[item]>]"
        }
    }, 
    {
        "pk": 19, 
        "model": "library.interfacetemplateparameterbinding", 
        "fields": {
            "parameter": 7, 
            "type": 7, 
            "expression_text": "[Readable<item=[item]> + Writable<item=[item]>]"
        }
    }
]
